show_name	D614G_IC50	SARS_IC50	Omicron_IC50	R346K_IC50	BA2_IC50	BA2_12_1_IC50	BA2_13_IC50	BA3_IC50	BA4_IC50	pangolin_GD_IC50	RaTG13_IC50	D614G_L452M_IC50	D614G_L452R_IC50	D614G_L452Q_IC50	SARS_ELISA	Omicron_ELISA	SARS_ELISA_300ng	RaTG13_300ng	pangolin_GD_300ng	pangolin_GX_300ng	PC4_127_300ng	sin852_300ng	WIV1_300ng	LYRa11_300ng	RS7327_300ng	GZ_C_300ng	Urbani_300ng	RS4231_300ng	RS4247_300ng	BM48_31_300ng	BtKY72_300ng	SHAANXI2011_300ng	YN2013_300ng	RP3_300ng	ZC45_300ng	Anlong112_300ng	SC2018_300ng	ZXC21_300ng	ELISA_3ug_compete	ELISA_150ng_compete	ELISA_compete_level
OC220225-SN0235	OC220225-SN0235	Inf	Inf*	0.0352627	0.02256043	0.0334593	0.0363219	0.0365284	0.0316008	Inf	--	--	--	--	--	0	2	0.2482	0.0396	0.2628	0.1066	0.1809	0.0771	0.0645	0.0331	0.1335	0.0254	0.1142	0.0614	0.0278	0.0617	0.0418	0.0637	0.1442	0.0473	0.0789	0.0323	0.1745	0.0407	3.9692	3.99	0.63024055
OC220225-SN0236	OC220225-SN0236	Inf	Inf*	0.000842026	0.000926013	0.00264962	0.00188667	0.00288026	0.000763702	0.00348883	--	--	--	--	--	0	2	0.284	0.0588	0.2786	0.1006	0.1537	0.0528	0.106	0.0714	0.1178	0.0555	0.1472	0.0971	0.0647	0.0316	0.0482	0.078	0.1032	0.0736	0.1114	0.088	0.2572	0.0811	3.9657	3.8319	0.819600499
OC220225-SN0266	OC220225-SN0266	Inf	Inf*	0.003354	0.00210372	0.0347039	0.0345582	0.0344628	0.00367682	Inf	--	--	--	--	--	0	2	0.0249	0.0119	0.1198	0.0166	0.021	0.0145	0.0153	0.0119	0.0143	0.0084	0.0125	0.0138	0.0107	0.0086	0.0101	0.0122	0.0154	0.0138	0.0117	0.013	0.0601	0.0101	3.8637	3.9892	0.650102459
OC220225-SN0267	OC220225-SN0267	Inf	Inf*	0.00295277	0.00280378	1.67882	0.864075	1.920126	0.44953	2.51579	--	--	--	--	--	0	2	0.0491	0.0147	0.1721	0.0204	0.0344	0.0126	0.0254	0.0147	0.0158	0.0098	0.0162	0.0174	0.0129	0.0126	0.0217	0.0117	0.0156	0.0132	0.0228	0.0133	0.0647	0.0149	3.6264	3.84	0.807703531
OC220225-SN0268	OC220225-SN0268	Inf	Inf*	0.0259704	0.018554	0.0460449	0.03788	0.04664	0.03658214	0.0410428	--	--	--	--	--	0	2	0.0403	0.0152	0.1225	0.02	0.0265	0.0147	0.0173	0.0141	0.0197	0.01	0.0173	0.0162	0.0147	0.0177	0.0129	0.0117	0.0194	0.0183	0.0249	0.0123	0.0631	0.0144	3.6029	3.8326	0.805490994
OC220225-SN0269	OC220225-SN0269	Inf	Inf*	0.00224378	0.00196493	0.016283	0.0187	0.0144732	0.00869356	Inf	--	--	--	--	--	0	2	0.0483	0.0153	0.1652	0.0178	0.0272	0.0198	0.0159	0.0102	0.0197	0.0083	0.0255	0.0112	0.0105	0.0112	0.0106	0.0161	0.0336	0.0126	0.0204	0.0114	0.0863	0.0082	3.5352	3.8884	0.916579302
OC220225-SN0272	OC220225-SN0272	Inf	Inf*	0.0131787	0.00668561	0.187447	0.145806	0.205439	0.013161	0.161981	--	--	--	--	--	1	2	0.0854	0.0197	0.1419	0.0341	0.0809	0.0774	0.0176	0.0094	0.0658	0.0082	0.0805	0.0178	0.012	0.0103	0.0234	0.0191	0.1603	0.0122	0.0646	0.009	0.1739	0.0092	3.9017	3.9924	0.660280919
OC220225-SN0273	OC220225-SN0273	Inf	Inf*	0.00134466	0.0011167	0.00251569	0.00475018	0.00299599	0.00118724	0.938959	--	--	--	--	--	0	2	0.0785	0.0136	0.1776	0.0338	0.0787	0.0409	0.0148	0.0091	0.0546	0.0086	0.0366	0.0118	0.0133	0.0107	0.021	0.0162	0.0823	0.0124	0.0285	0.0086	0.0998	0.0099	3.9564	4.0358	0.91008213
OC220225-SN0274	OC220225-SN0274	Inf	Inf*	0.000785122	0.00109629	0.00109677	0.00118147	0.00102199	0.00123566	Inf	--	--	--	--	--	0	2	0.0319	0.0342	0.1668	0.0138	0.021	0.0106	0.0142	0.0109	0.0156	0.0101	0.014	0.0118	0.0127	0.0092	0.0097	0.0099	0.0173	0.0158	0.0127	0.0104	0.0652	0.0117	3.7723	3.9408	0.760081328
OC220225-SN0275	OC220225-SN0275	Inf	Inf*	0.162465	0.427647	0.389672	8.40978	0.444671	0.304714	Inf	--	--	--	--	--	0	2	0.0972	0.0382	0.1563	0.0491	0.0595	0.0305	0.047	0.0235	0.0423	0.0287	0.0519	0.048	0.0306	0.0429	0.028	0.0247	0.0177	0.0288	0.028	0.0217	0.0716	0.0219	3.4678	3.8054	0.768876317
OC220225-SN0276	OC220225-SN0276	Inf	Inf*	0.014010297	0.018092958	0.01595406	0.018568913	0.022083465	0.01290037	Inf	--	--	--	--	--	0	2	0.0418	0.0156	0.1654	0.029	0.0334	0.0139	0.0226	0.0199	0.0189	0.0118	0.0177	0.0197	0.0182	0.0133	0.019	0.0135	0.0128	0.0193	0.0207	0.0154	0.051	0.0206	3.7771	3.7803	0.875668309
OC220225-SN0277	OC220225-SN0277	Inf	Inf*	0.118307	0.0853875	0.451011601	0.496829111	0.297748247	0.5497923	Inf	--	--	--	--	--	0	2	0.016	0.0135	0.1768	0.0469	0.0121	0.0126	0.0148	0.0112	0.0238	0.0089	0.0094	0.0094	0.0108	0.0089	0.0166	0.0097	0.0091	0.0136	0.0104	0.0091	0.0416	0.0106	3.5826	3.734	0.808811918
OC220225-SN0280	OC220225-SN0280	Inf	Inf*	0.328665	0.459464	0.989915	0.794961	0.826343	0.260489	1.27666	--	--	--	--	--	0	2	0.0139	0.0109	0.4299	0.0127	0.0104	0.0115	0.0109	0.0106	0.0175	0.0083	0.0093	0.0089	0.0275	0.0089	0.0116	0.0088	0.0124	0.0115	0.0235	0.01	0.0516	0.0078	3.8896	4.0877	0.65396885
OC220225-SN0281	OC220225-SN0281	Inf	Inf*	0.00083648	0.001143736	0.00257919	0.00339778	0.00221362	0.000600118	0.00357245	--	--	--	--	--	0	2	0.2675	0.1049	0.3047	0.1647	0.1483	0.0558	0.1055	0.0153	0.1082	0.0543	0.1164	0.1079	0.0702	0.132	0.0968	0.0165	0.0299	0.0351	0.0454	0.0343	0.0835	0.0405	3.4093	3.7717	0.76920645
OC220225-SN0282	OC220225-SN0282	Inf	Inf*	0.00121678	0.000929	0.00773734	0.0084923	0.00560892	0.000196756	0.010803	--	--	--	--	--	1	2	0.1653	0.0565	0.2337	0.0998	0.1336	0.1178	0.0502	0.0177	0.1007	0.027	0.1404	0.0425	0.0217	0.0443	0.0674	0.0303	0.1377	0.0311	0.0752	0.0255	0.1725	0.0263	3.9942	3.788	0.838079213
OC220225-SN0284	OC220225-SN0284	Inf	Inf*	0.142965	0.1555525	Inf	9.88203	Inf	Inf	Inf	--	--	--	--	--	0	2	0.1407	0.0422	0.2493	0.0785	0.1178	0.056	0.0387	0.0139	0.0832	0.0237	0.0711	0.0314	0.0184	0.0391	0.05	0.0283	0.0643	0.0252	0.0431	0.0166	0.172	0.0212	3.9377	3.7204	0.778731178
OC220225-SN0285	OC220225-SN0285	Inf	Inf*	0.0979277	0.1224272	2.00231605	1.98411828	2.242143711	1.607592018	Inf	--	--	--	--	--	0	2	0.0529	0.0148	0.1827	0.0317	0.0336	0.015	0.0174	0.0173	0.0188	0.0115	0.0231	0.0199	0.0121	0.0135	0.014	0.0163	0.0143	0.0183	0.0194	0.0128	0.0635	0.0183	3.6178	3.7588	0.789419087
OC220225-SN0286	OC220225-SN0286	Inf	Inf*	0.00656968	0.00695112	0.0293438	0.04872	0.035348	0.0169765	0.0375809	--	--	--	--	--	0	2	0.0125	0.0108	0.1368	0.0123	0.0104	0.0107	0.0117	0.0105	0.0161	0.009	0.0104	0.0087	0.0123	0.009	0.0086	0.0096	0.0093	0.0139	0.0091	0.0123	0.0551	0.0093	3.9783	3.7322	0.756949807
OC220225-SN0290	OC220225-SN0290	Inf	Inf*	0.142889	0.193541	Inf	Inf	Inf	Inf	Inf	--	--	--	--	--	0	2	0.0397	0.0265	0.1967	0.0291	0.0257	0.0176	0.0218	0.0103	0.0232	0.0161	0.0199	0.0224	0.0118	0.0212	0.0191	0.0106	0.0119	0.0154	0.0133	0.0121	0.0403	0.0119	3.4306	3.6715	0.83417459
OC220225-SN0291	OC220225-SN0291	Inf	Inf*	0.01959	0.0290318	0.129423	0.1488462	0.118351	0.194485	Inf	--	--	--	--	--	0	2	0.0154	0.0117	0.11	0.0151	0.0123	0.0116	0.015	0.0081	0.0139	0.0116	0.0114	0.0097	0.0098	0.0099	0.0142	0.0099	0.01	0.012	0.0089	0.0095	0.0503	0.0082	3.8241	3.9584	0.829651897
OC220225-SN0292	OC220225-SN0292	Inf	Inf*	0.00391624	0.002718899	Inf	Inf	Inf	Inf	Inf	--	--	--	--	--	0	2	0.0132	0.0146	0.2091	0.0329	0.0132	0.0121	0.0138	0.0074	0.0159	0.0088	0.0122	0.0196	0.0113	0.0154	0.0101	0.0096	0.0163	0.013	0.017	0.0115	0.061	0.0178	3.7577	4.0673	0.925970251
OC220225-SN0296	OC220225-SN0296	Inf	Inf*	0.0392051	0.0869374	0.84367	1.333452	1.02166	0.0344092	1.22103	--	--	--	--	--	0	2	0.0558	0.014	0.207	0.0303	0.0661	0.0718	0.015	0.0083	0.0554	0.0088	0.0718	0.0155	0.0655	0.01	0.0185	0.0169	0.0839	0.0122	0.0375	0.0091	0.1241	0.0101	3.7995	3.8982	0.556440114
OC220225-SN0301	OC220225-SN0301	Inf	Inf*	0.0821	0.0751922	2.38558	1.915974	2.21801	2.04116	1.91495	--	--	--	--	--	0	2	0.0575	0.017	0.153	0.0386	0.0841	0.0368	0.0156	0.0072	0.0546	0.0077	0.0286	0.0224	0.0113	0.0326	0.021	0.0139	0.047	0.0117	0.023	0.0075	0.1002	0.0085	3.7218	3.8317	0.617266187
OC220225-SN0302	OC220225-SN0302	Inf	Inf*	0.0188574	0.034925	0.0213256	0.0326718	0.0272885	0.025266	0.392383	--	--	--	--	--	0	2	0.0581	0.0151	0.1556	0.0444	0.032	0.0129	0.0175	0.0161	0.0222	0.0132	0.0143	0.0156	0.0182	0.0082	0.0146	0.0119	0.0173	0.0273	0.0285	0.0187	0.082	0.0269	3.7459	3.7919	0.853217859
OC220225-SN0308	OC220225-SN0308	Inf	Inf*	0.316364	0.336561	4.03406	5.0124	4.39952	3.37572	Inf	--	--	--	--	--	0	2	0.0232	0.0187	0.1335	0.0166	0.0156	0.0133	0.0154	0.0112	0.0181	0.0111	0.0147	0.0132	0.0107	0.0138	0.0127	0.0157	0.0131	0.013	0.0105	0.0095	0.0361	0.0121	3.9134	3.8586	0.599449956
OC220225-SN0309	OC220225-SN0309	Inf	Inf*	0.0957995	0.0934584	9.80433	8.22333	8.94352	0.0720686	8.71852	--	--	--	--	--	0	2	0.0103	0.0155	0.1329	0.0123	0.0103	0.0087	0.016	0.0103	0.013	0.0084	0.0088	0.0104	0.0105	0.009	0.0129	0.0114	0.0089	0.0124	0.0089	0.0076	0.0429	0.0088	3.8797	3.8259	0.34761046
OC220225-SN0310	OC220225-SN0310	Inf	Inf*	3.83837	3.7373	6.28849	4.349631	5.21214	3.64378	5.67056	--	--	--	--	--	0	2	0.013	0.0142	0.1153	0.0133	0.0117	0.0099	0.0221	0.01	0.0168	0.009	0.0124	0.0106	0.0116	0.0093	0.0186	0.0149	0.01	0.0125	0.0106	0.0089	0.0469	0.0083	3.4552	3.6216	0.76075542
OC220225-SN0313	OC220225-SN0313	Inf	Inf*	0.00556969	0.00645915	0.00767737	0.01097798	0.00894583	0.0082544	0.00978045	--	--	--	--	--	0	2	0.0164	0.1558	0.746	0.0508	0.0152	0.0104	0.0138	0.0075	0.0149	0.009	0.0134	0.0095	0.0102	0.0084	0.0113	0.0105	0.0139	0.0119	0.01	0.0111	0.0637	0.0072	3.9481	3.5558	0.966978573
OC220225-SN0323	OC220225-SN0323	Inf	Inf*	0.105143	0.141712	2.1233	2.95996	1.94516	1.492134	1.71949	--	--	--	--	--	0	2	0.0488	0.0128	0.1763	0.0329	0.066	0.0706	0.016	0.0155	0.0451	0.0107	0.0694	0.0118	0.0133	0.0091	0.0186	0.0162	0.0894	0.0125	0.0337	0.01	0.1628	0.0091	3.7411	3.7771	0.568729951
OC220225-SN0336	OC220225-SN0336	Inf	Inf*	0.000801939	0.000850292	Inf	Inf	Inf	3.15861	Inf	--	--	--	--	--	0	2	0.0244	0.0273	0.1391	0.0185	0.0146	0.0131	0.0125	0.0113	0.0153	0.0115	0.0119	0.0119	0.0096	0.0101	0.0097	0.0095	0.0096	0.0141	0.0102	0.0113	0.0532	0.0097	3.7788	3.9624	0.720659554
OC220225-SN0340	OC220225-SN0340	Inf	Inf*	0.00149941	0.00160332	0.368707	0.57161	0.449624	0.26684	0.544287	--	--	--	--	--	0	2	0.0167	0.0103	0.1685	0.0205	0.0124	0.0118	0.0132	0.0141	0.0163	0.0094	0.0102	0.0121	0.0118	0.0102	0.0095	0.0116	0.0093	0.0136	0.0094	0.0112	0.0497	0.0168	3.9161	3.932	0.891661468
OC220225-SN0343	OC220225-SN0343	Inf	Inf*	0.00875707	0.00726385	0.00510077	0.008409	0.00744938	0.00429814	Inf	--	--	--	--	--	0	2	0.0154	0.0261	0.244	0.0855	0.0112	0.0117	0.013	0.0109	0.014	0.0094	0.0123	0.01	0.0107	0.0094	0.0104	0.0143	0.0098	0.0135	0.0125	0.0116	0.05	0.0098	3.4999	3.6601	0.892302175
OC220225-SN0344	OC220225-SN0344	Inf	Inf*	0.0124525	0.0106383	0.189488955	0.255003887	0.246971633	0.247502034	Inf	--	--	--	--	--	1	2	0.1219	0.026	0.1479	0.0411	0.0806	0.0331	0.064	0.0329	0.0447	0.0317	0.0512	0.0506	0.0163	0.0314	0.0257	0.0164	0.0266	0.0277	0.0325	0.02	0.0704	0.0343	3.7594	3.9934	0.625224727
OC220225-SN0345	OC220225-SN0345	Inf	Inf*	0.0234048	0.0218048	0.01754	0.01681564	0.0186294	0.016528	0.020844	--	--	--	--	--	0	2	0.0689	0.0238	0.2679	0.05	0.0734	0.0922	0.0205	0.0194	0.064	0.0134	0.0941	0.0159	0.0276	0.0139	0.0275	0.0269	0.0748	0.0154	0.0457	0.0137	0.1301	0.0235	3.9331	3.7795	0.650177936
OC220225-SN0351	OC220225-SN0351	Inf	Inf*	0.0163453	0.01830418	0.96548	1.155548	0.895402	0.9509	1.86617	--	--	--	--	--	0	2	0.0608	0.0129	0.1564	0.0275	0.0747	0.0493	0.0132	0.0092	0.0475	0.0087	0.0316	0.0116	0.0112	0.0094	0.0182	0.0151	0.051	0.0132	0.0242	0.013	0.1217	0.0099	4.162	4.1237	0.79173593
OC220225-SN0353	OC220225-SN0353	Inf	Inf*	0.000254316	0.000379616	0.000182632	0.000414135	0.000228381	0.000214808	0.266202	--	--	--	--	--	0	2	0.0678	0.1444	0.2072	0.0176	0.0156	0.0112	0.0113	0.0102	0.0164	0.0104	0.0117	0.0106	0.0097	0.0093	0.0092	0.01	0.0106	0.0128	0.01	0.0098	0.0589	0.0099	3.7824	3.9883	0.604967949
OC220302-SN0734	OC220302-SN0734	Inf	Inf*	0.00115708	0.001101951	3.41819	3.5238	2.83867	3.39209	4.51215	--	--	--	--	--	0	2	0.0362	0.0129	0.1166	0.025	0.0224	0.0112	0.0141	0.0135	0.0197	0.0152	0.0131	0.0265	0.0232	0.0117	0.0145	0.048	0.0147	0.0209	0.0274	0.0164	0.0611	0.0239	4.1222	3.8043	0.786206897
OC220302-SN0749	OC220302-SN0749	Inf	Inf*	0.00300996	0.00364	Inf	Inf	Inf	Inf	Inf	--	--	--	--	--	0	2	0.1452	0.0243	0.1454	0.0648	0.0811	0.016	0.0362	0.0407	0.0448	0.0262	0.0314	0.0583	0.0096	0.014	0.0112	0.0106	0.0085	0.0128	0.0091	0.0096	0.0412	0.0095	3.6806	3.6842	0.941357798
OC220302-SN0756	OC220302-SN0756	Inf	Inf*	0.00675879	0.00431	0.105994	0.25544	0.24727	0.00488484	0.233056	--	--	--	--	--	0	2	0.0483	0.0213	0.1629	0.0317	0.0284	0.0153	0.0203	0.0148	0.0308	0.0188	0.0238	0.0218	0.0165	0.0143	0.0208	0.0176	0.015	0.022	0.021	0.0157	0.0595	0.017	4.1308	3.6694	0.434743271
OC220302-SN0761	OC220302-SN0761	Inf	Inf*	0.0052	0.00319894	Inf	Inf	Inf	Inf	Inf	--	--	--	--	--	1	2	0.0668	0.0214	0.2512	0.0524	0.0383	0.0132	0.0185	0.0133	0.0206	0.0163	0.0214	0.034	0.0116	0.0336	0.0187	0.0102	0.019	0.0161	0.0159	0.0112	0.0697	0.0171	4.0968	3.549	-0.898059618
OC220302-SN0762	OC220302-SN0762	Inf	Inf*	0.0577453	0.03862047	Inf	Inf	Inf	Inf	Inf	--	--	--	--	--	0	2	0.08	0.0211	0.1717	0.0448	0.0795	0.0843	0.022	0.0133	0.0508	0.0139	0.089	0.0204	0.0184	0.0175	0.0243	0.0285	0.0939	0.0211	0.0515	0.0144	0.1444	0.018	3.9451	3.3583	0.432363287
OC220302-SN0767	OC220302-SN0767	Inf	Inf*	0.077803	0.06738213	0.244932	0.2305845	0.256296	0.376402	Inf	--	--	--	--	--	0	2	0.0721	0.015	0.1811	0.0348	0.0769	0.0487	0.0129	0.0101	0.0565	0.0087	0.0333	0.0112	0.0135	0.0101	0.0194	0.0167	0.0452	0.0137	0.02	0.0084	0.1514	0.0103	3.9794	3.7205	0.760056833
OC220302-SN0776	OC220302-SN0776	Inf	Inf*	0.0233408	0.0285464	0.0302409	0.0381142	0.0336682	0.02929386	Inf	--	--	--	--	--	0	2	0.0198	0.0095	0.1251	0.0141	0.0169	0.0123	0.0133	0.0099	0.0183	0.0108	0.0207	0.0115	0.0103	0.0115	0.0102	0.0092	0.0148	0.0145	0.0165	0.0099	0.0567	0.0121	4.0689	3.5789	0.478083786
OC220302-SN0780	OC220302-SN0780	Inf	Inf*	0.0106532	0.0146839	Inf	Inf	Inf	Inf	Inf	--	--	--	--	--	0	2	0.0895	0.032	0.1757	0.0641	0.0457	0.0179	0.0367	0.0139	0.0342	0.0242	0.0259	0.0795	0.0255	0.0419	0.0327	0.0254	0.0208	0.0298	0.0332	0.0248	0.0782	0.027	4.028	3.6798	0.876650018
OC220302-SN0781	OC220302-SN0781	Inf	Inf*	0.001008905	0.0008125	0.001132264	0.001125235	0.001367296	0.001415769	Inf	--	--	--	--	--	0	2	0.0121	0.0126	0.1165	0.0145	0.0098	0.011	0.0132	0.0101	0.0137	0.0086	0.0097	0.0097	0.0087	0.0088	0.0098	0.0093	0.0094	0.0131	0.0089	0.0105	0.0446	0.0082	3.7848	3.6196	0.92801943
OC220302-SN0785	OC220302-SN0785	Inf	Inf*	0.000981031	0.000763	0.000741103	0.000795544	0.00050742	0.000562379	2.3732	--	--	--	--	--	0	2	0.1336	0.0251	0.2243	0.0656	0.1001	0.0608	0.0199	0.0145	0.0615	0.0145	0.0461	0.02	0.0268	0.0166	0.0273	0.0264	0.0967	0.0453	0.0403	0.0199	0.1703	0.0297	3.8946	3.7969	0.735128094
OC220302-SN0786	OC220302-SN0786	Inf	Inf*	0.000688907	0.000423	0.0358805	0.0146436	0.0307389	0.00263644	6.49457	--	--	--	--	--	0	2	0.0139	0.0096	0.1408	0.0149	0.016	0.0126	0.0108	0.0086	0.0168	0.0096	0.0117	0.0094	0.0096	0.0102	0.0104	0.0098	0.016	0.0114	0.0092	0.0085	0.0681	0.0099	3.5308	3.5872	0.535108959
OC220302-SN0788	OC220302-SN0788	Inf	Inf*	0.000991255	0.000875	0.000595798	0.001319916	0.00161387	0.000731975	5.59516	--	--	--	--	--	0	2	0.0115	0.0105	0.117	0.0202	0.0102	0.0102	0.012	0.0088	0.0152	0.0097	0.0107	0.0096	0.0114	0.0093	0.012	0.0102	0.0119	0.0134	0.009	0.0103	0.0548	0.0087	4.0578	3.9743	0.774167987
OC220302-SN0789	OC220302-SN0789	Inf	Inf*	0.00101577	0.00091	0.000703693	0.00126985	0.000819278	0.000923	1.9039	--	--	--	--	--	0	2	0.0625	0.0207	0.1487	0.0579	0.0356	0.0136	0.0176	0.0164	0.0207	0.0165	0.0168	0.0263	0.0122	0.0106	0.0147	0.0098	0.0113	0.0152	0.0102	0.0114	0.0541	0.01	3.9538	3.8032	0.654282362
OC220302-SN0794	OC220302-SN0794	Inf	Inf*	0.000207301	0.000425967	0.000581071	0.00069192	0.000611374	0.000653035	0.00033964	--	--	--	--	--	0	2	0.0533	0.0178	0.1534	0.0382	0.0914	0.0717	0.0197	0.0108	0.0534	0.0128	0.0804	0.0236	0.0136	0.0179	0.0202	0.0171	0.0969	0.014	0.0488	0.0112	0.1175	0.01	3.9715	3.6752	0.911056325
OC220302-SN0797	OC220302-SN0797	Inf	Inf*	0.00145467	0.00171112	0.000899662	0.00275448	0.00136896	0.001384666	1.35141	--	--	--	--	--	0	2	0.0159	0.0123	0.1079	0.036	0.0102	0.0104	0.015	0.0091	0.0038	0.0099	0.0096	0.0095	0.0115	0.0114	0.0108	0.0101	0.0141	0.0135	0.0091	0.0152	0.0499	0.0089	3.9067	3.7808	0.902404121
OC220302-SN0798	OC220302-SN0798	Inf	Inf*	0.00149777	0.001599947	1.34413	1.727794	1.35591	0.752222	1.36399	--	--	--	--	--	1	2	0.1012	0.0274	0.2128	0.0945	0.0316	0.0131	0.0215	0.0221	0.0219	0.0131	0.0131	0.0358	0.0105	0.0177	0.0091	0.0087	0.0113	0.0125	0.0102	0.0113	0.0456	0.0085	3.8653	3.584	0.852103377
OC220302-SN0799	OC220302-SN0799	Inf	Inf*	0.000825508	0.0005	0.0481	0.0667833	0.0762	0.057374	0.574468	--	--	--	--	--	0	2	0.0321	0.0158	0.1185	0.032	0.0173	0.0107	0.0123	0.0094	0.0128	0.0109	0.0101	0.0036	0.0114	0.0104	0.009	0.0097	0.0105	0.016	0.0087	0.0126	0.0473	0.0086	3.8092	3.2788	0.705907352
OC220302-SN0800	OC220302-SN0800	Inf	Inf*	0.64034	0.472965	0.688726	0.563643	0.699072	0.531573	0.684773	--	--	--	--	--	0	2	0.0314	0.0194	0.1621	0.0434	0.0136	0.013	0.0166	0.0107	0.0143	0.0121	0.0132	0.0136	0.0132	0.0145	0.0139	0.0106	0.0103	0.0137	0.0107	0.0097	0.0522	0.0093	3.9205	3.3515	0.814540224
OC220302-SN0802	OC220302-SN0802	Inf	Inf*	0.0247438	0.0226015	0.0242789	0.0445176	0.02123	0.0466974	0.059215	--	--	--	--	--	0	2	0.0609	0.0186	0.1618	0.0425	0.1016	0.0615	0.0149	0.0166	0.0583	0.0089	0.0848	0.0183	0.0142	0.0031	0.0226	0.018	0.0825	0.0134	0.0695	0.0172	0.1487	0.0093	3.8981	2.9476	0.681934775
OC220302-SN0804	OC220302-SN0804	Inf	Inf*	0.0117276	0.0115741	1.64389	1.492359	1.976005	1.718922	1.94772	--	--	--	--	--	1	2	0.1213	0.0175	0.1922	0.0473	0.1321	0.0631	0.0135	0.011	0.0833	0.01	0.0454	0.0213	0.0148	0.0109	0.0199	0.0206	0.1089	0.0139	0.0338	0.0084	0.1518	0.0116	3.8305	2.8905	0.798082745
OC220302-SN0807	OC220302-SN0807	Inf	Inf*	0.00382699	0.00556347	2.14759	4.14478	2.81681	2.01579	3.66335	--	--	--	--	--	0	2	0.0208	0.0158	0.1517	0.0176	0.0317	0.0172	0.0102	0.01	0.0222	0.0091	0.0211	0.0114	0.0127	0.0102	0.0103	0.0099	0.0373	0.0118	0.0113	0.0092	0.0959	0.0105	3.8628	3.116	0.94659386
OC220302-SN0811	OC220302-SN0811	Inf	Inf*	0.000897552	0.000979693	5.14523	4.37823	4.68946	5.12437	Inf	--	--	--	--	--	0	2	0.0316	0.0155	0.1362	0.0277	0.0227	0.0136	0.0143	0.0104	0.0173	0.0114	0.0144	0.0124	0.0138	0.0082	0.01	0.0113	0.0199	0.013	0.0118	0.0092	0.0567	0.0093	3.7683	3.5828	0.936005545
OC220302-SN0814	OC220302-SN0814	Inf	Inf*	0.0150253	0.01255975	Inf	Inf	Inf	Inf	Inf	--	--	--	--	--	0	2	0.0147	0.0124	0.1237	0.0134	0.0196	0.0147	0.0112	0.0093	0.0152	0.0087	0.0138	0.0122	0.0097	0.0092	0.0088	0.0103	0.0192	0.0118	0.0132	0.0087	0.0587	0.0085	3.7578	3.2424	0.86030506
OC220302-SN0816	OC220302-SN0816	Inf	Inf*	0.00298758	0.00370892	Inf	Inf	Inf	Inf	Inf	--	--	--	--	--	0	2	0.0679	0.0204	0.1877	0.0425	0.1211	0.0958	0.0151	0.0121	0.0653	0.0092	0.0868	0.0309	0.0142	0.003	0.0296	0.0186	0.0785	0.0122	0.1075	0.0077	0.147	0.01	3.7107	2.8838	0.748806113
OC220302-SN0817	OC220302-SN0817	Inf	Inf*	0.00748158	0.00921406	0.0317684	0.0258996	0.0352406	0.0299774	Inf	--	--	--	--	--	0	2	0.2692	0.0222	0.2149	0.0927	0.2606	0.1234	0.0183	0.0256	0.1377	0.0128	0.1515	0.0413	0.0195	0.012	0.1328	0.0355	0.1833	0.0132	0.0796	0.0125	0.2326	0.0154	3.0491	3.9004	0.85772792
OC220302-SN0818	OC220302-SN0818	Inf	Inf*	0.00730063	0.0104707	Inf	Inf	Inf	Inf	Inf	--	--	--	--	--	0	2	0.054	0.0164	0.1597	0.0472	0.1168	0.0513	0.0122	0.0195	0.0774	0.0086	0.0621	0.0227	0.0142	0.0103	0.0239	0.0165	0.1466	0.0122	0.0447	0.0098	0.1793	0.0134	3.7464	4.1061	0.954307404
OC220302-SN0819	OC220302-SN0819	Inf	Inf*	0.00171026	0.00153145	0.00114865	0.001092	0.00783	0.00952304	4.77296	--	--	--	--	--	0	2	0.0458	0.0152	0.155	0.0326	0.0876	0.0529	0.0138	0.0392	0.0673	0.0099	0.0689	0.0262	0.0136	0.0098	0.0189	0.0211	0.1009	0.0117	0.0423	0.01	0.1101	0.0235	4.0639	3.8509	0.933184403
OC220302-SN0822	OC220302-SN0822	Inf	Inf*	0.0317435	0.0551774	0.0912907	0.1128937	0.104928	0.01820284	0.0902796	--	--	--	--	--	0	2	0.0679	0.0162	0.1705	0.0395	0.0782	0.0512	0.0168	0.0166	0.0462	0.0126	0.0683	0.0267	0.0136	0.009	0.0147	0.0115	0.0842	0.0155	0.0339	0.0088	0.1333	0.0132	3.9394	3.9159	0.45521551
OC220302-SN0823	OC220302-SN0823	Inf	Inf*	0.0117473	0.00957122	0.0148943	0.01236	0.01258934	0.01558584	6.26317	--	--	--	--	--	0	2	0.0554	0.02	0.1778	0.0302	0.0755	0.0789	0.015	0.0186	0.0551	0.0146	0.0717	0.026	0.0121	0.0113	0.0191	0.0212	0.0847	0.0136	0.043	0.0102	0.1107	0.0132	3.8174	4.0968	0.912234952
OC220302-SN0824	OC220302-SN0824	Inf	Inf*	0.00174319	0.00156914	0.000886	0.0011238	0.00175578	0.000929648	9.40533	--	--	--	--	--	0	2	0.0617	0.0211	0.2154	0.0453	0.1097	0.0978	0.0027	0.0024	0.0655	0.0092	0.0874	0.0298	0.012	0.0102	0.0236	0.0158	0.0907	0.0131	0.083	0.0129	0.1551	0.0114	3.5088	3.9416	0.887434249
OC220302-SN0825	OC220302-SN0825	Inf	Inf*	0.00221075	0.00402928	0.00360697	0.00512	0.00449223	0.00390453	Inf	--	--	--	--	--	0	2	0.1276	0.0319	0.1964	0.0671	0.2446	0.1556	0.0257	0.0291	0.1365	0.0108	0.1834	0.0551	0.0221	0.0027	0.0367	0.0387	0.2268	0.0169	0.2312	0.0106	0.2551	0.0147	3.855	4.0451	0.89911117
OC220302-SN0826	OC220302-SN0826	Inf	Inf*	0.00268119	0.00330875	Inf	Inf	Inf	Inf	Inf	--	--	--	--	--	0	2	0.1986	0.1362	0.146	0.0759	0.0313	0.1407	0.1992	0.0122	0.0319	0.3212	0.1032	0.0901	0.0663	0.1792	0.0511	0.0671	0.0614	0.052	0.1127	0.0282	0.1048	0.0455	3.8665	3.9897	0.884348933
OC220302-SN0827	OC220302-SN0827	Inf	Inf*	0.000325554	0.0005	0.0153082	0.01782	0.0148035	0.000268	0.0193744	--	--	--	--	--	0	2	0.0549	0.0616	0.1553	0.0323	0.0172	0.0653	0.081	0.0102	0.0147	0.2847	0.0351	0.0448	0.0235	0.103	0.0227	0.045	0.0406	0.025	0.0379	0.0248	0.038	0.0228	3.9544	4.0728	0.864709494
OC220302-SN0828	OC220302-SN0828	Inf	Inf*	0.0604446	0.0619581	Inf	Inf	Inf	Inf	Inf	--	--	--	--	--	0	2	0.0387	0.0485	0.1071	0.0306	0.027	0.0537	0.0597	0.011	0.014	0.2199	0.0329	0.04	0.0197	0.0954	0.0258	0.0179	0.0191	0.021	0.028	0.0175	0.0313	0.0171	4.1056	4.2047	0.823523446
OC220302-SN0829	OC220302-SN0829	Inf	Inf*	0.0694007	0.081702	0.0816089	0.047121	0.0794499	0.0962661	Inf	--	--	--	--	--	0	2	0.0385	0.036	0.0846	0.0209	0.0167	0.0426	0.0589	0.0154	0.0147	0.2386	0.0295	0.0482	0.0238	0.0954	0.023	0.0216	0.0203	0.023	0.0242	0.0215	0.0261	0.0155	3.8923	3.8492	0.547136977
OC220302-SN0831	OC220302-SN0831	Inf	Inf*	0.00589956	0.00559168	0.00428184	0.0061102	0.00557192	0.00587442	2.902	--	--	--	--	--	0	2	0.0346	0.0669	0.2229	0.0317	0.0149	0.0463	0.0554	0.011	0.0188	0.2467	0.0283	0.0421	0.0214	0.104	0.0233	0.0154	0.0189	0.0215	0.0304	0.0211	0.0288	0.013	3.8527	3.8862	0.965845625
OC220302-SN0832	OC220302-SN0832	Inf	Inf*	0.00254303	0.00586103	0.00252564	0.00241407	0.00281857	0.00220161	0.0118051	--	--	--	--	--	0	2	0.0586	0.9724	0.1689	0.0388	0.0176	0.0503	0.0641	0.0116	0.0148	0.232	0.0341	0.0469	0.0171	0.1072	0.0227	0.0146	0.0228	0.0283	0.0336	0.0387	0.0254	0.0129	3.9658	3.9327	0.962355834
OC220302-SN0833	OC220302-SN0833	Inf	Inf*	0.00211849	0.00281875	0.00229075	0.00357328	0.00229493	0.00225065	4.09029	--	--	--	--	--	0	2	0.0538	0.102	0.2797	0.0312	0.0172	0.062	0.0914	0.0176	0.0143	0.2797	0.0453	0.0648	0.0243	0.1255	0.0356	0.0154	0.0323	0.0332	0.075	0.0271	0.0373	0.0156	3.7883	4.1137	0.957444023
OC220302-SN0835	OC220302-SN0835	Inf	Inf*	0.600011	0.558313	0.790811	0.542517	0.540751	0.39727	3.98994	--	--	--	--	--	0	2	0.1901	0.2441	0.2354	0.1239	0.0634	0.1075	0.1904	0.0448	0.0468	0.3753	0.1579	0.2074	0.1123	0.2501	0.1074	0.0868	0.1672	0.1472	0.1903	0.0459	0.0909	0.1358	2.9185	4.3002	0.732016925
OC220302-SN0836	OC220302-SN0836	Inf	Inf*	0.422078	0.2117005	3.00626	3.18453	3.45416	0.345	3.872	--	--	--	--	--	0	2	0.0712	0.0644	0.1284	0.0298	0.0323	0.0736	0.0783	0.0306	0.0162	0.2815	0.0392	0.0284	0.0185	0.1328	0.0199	0.0442	0.0179	0.0226	0.039	0.0521	0.0564	0.0184	4.1035	4.0318	0.279460551
OC220302-SN0838	OC220302-SN0838	Inf	Inf*	0.00164428	0.00284856	0.302103	0.249573	0.337701	0.0784894	Inf	--	--	--	--	--	0	2	0.0568	0.0223	0.2053	0.0244	0.1229	0.0203	0.0139	0.0262	0.0115	0.199	0.0099	0.0083	0.0106	0.0452	0.0138	0.0101	0.0089	0.0169	0.0087	0.0297	0.0121	0.0108	4.044	3.9674	0.902876354
OC220302-SN0839	OC220302-SN0839	Inf	Inf*	0.0335643	0.0347416	0.174374	0.1278604	0.112775	0.0222	0.0946224	--	--	--	--	--	0	2	0.0138	0.0191	0.0802	0.0126	0.0093	0.017	0.0154	0.0556	0.0106	0.2291	0.0118	0.0096	0.0131	0.0423	0.0133	0.0091	0.0091	0.0222	0.012	0.0169	0.0134	0.013	4.1172	4.1362	0.744230362
OC220302-SN0841	OC220302-SN0841	Inf	Inf*	0.0118673	0.0072113	0.0489	0.0308998	0.0368198	0.0498923	Inf	--	--	--	--	--	0	2	0.0115	0.0134	0.0981	0.0116	0.0101	0.0166	0.0135	0.0106	0.0105	0.2198	0.0096	0.0107	0.0079	0.0469	0.0139	0.0099	0.0091	0.0173	0.0084	0.0171	0.011	0.0099	4.0821	4.2313	0.676516551
OC220302-SN0843	OC220302-SN0843	Inf	Inf*	0.00507315	0.00231	0.0565669	0.0468999	0.0596854	0.00364966	0.0793	--	--	--	--	--	0	2	0.0726	0.1013	0.2047	0.037	0.0278	0.0574	0.0441	0.0144	0.0147	0.3346	0.0502	0.0522	0.0573	0.1441	0.0488	0.0164	0.0496	0.0444	0.0488	0.021	0.0393	0.0253	3.9296	4.0549	0.83038217
OC220302-SN0848	OC220302-SN0848	Inf	Inf*	0.00179886	0.00067	0.39092	0.516822	0.592371	0.323689	0.455558	--	--	--	--	--	0	2	0.017	0.0284	0.1062	0.0264	0.0394	0.0142	0.0148	0.0156	0.013	0.2113	0.0146	0.0142	0.0054	0.0638	0.0297	0.0159	0.0128	0.0184	0.0114	0.0158	0.0119	0.0121	4.0327	3.8698	0.94869146
OC220302-SN0850	OC220302-SN0850	Inf	Inf*	0.00887126	0.00412	0.0306806	0.0371721	0.0428881	0.0470658	0.147509	--	--	--	--	--	0	2	0.0131	0.0135	0.1524	0.0159	0.0111	0.0139	0.0122	0.0085	0.013	0.1871	0.0099	1.2215	0.0092	0.0335	0.0159	0.0211	0.0096	0.0183	0.0101	0.0153	0.0106	0.0423	4.1348	3.8955	0.959139785
OC220302-SN0854	OC220302-SN0854	Inf	Inf*	0.0105256	0.0139644	0.1779	0.228954	0.141549	0.0106	0.45991	--	--	--	--	--	0	2	0.0626	0.0365	0.1258	0.0696	0.0323	0.0211	0.0398	0.0095	0.0368	0.2425	0.0705	0.0455	0.0115	0.1192	0.0559	0.0256	0.0359	0.025	0.0154	0.0194	0.0159	0.0184	3.998	4.0374	0.75352824
OC220302-SN0858	OC220302-SN0858	Inf	Inf*	0.488625	0.592879	0.433609	0.521408	0.404084	0.310551	9.93554	--	--	--	--	--	0	2	0.0132	0.4763	0.1096	0.0248	0.0149	0.0182	0.0146	0.0084	0.011	0.2417	0.0135	0.0104	0.0101	0.0814	0.0174	0.01	0.0108	0.0176	0.0091	0.0149	0.0157	0.0173	3.8915	3.9043	0.734127799
OC220302-SN0860	OC220302-SN0860	Inf	Inf*	0.000539763	0.0005	0.0681832	0.03848319	0.0559591	0.0423368	0.912366	--	--	--	--	--	0	2	0.0462	0.0699	0.1188	0.0299	0.0273	0.0571	0.0394	0.0126	0.014	0.3234	0.0308	0.0351	0.037	0.1093	0.0349	0.0147	0.033	0.0317	0.0386	0.0218	0.0286	0.0183	4.0225	3.9982	0.914457635
OC220302-SN0862	OC220302-SN0862	Inf	Inf*	0.046963	0.0308837	3.34415	3.60843	4.33508	7.44734	8.422	--	--	--	--	--	0	2	0.0546	0.043	0.1109	0.0395	0.0111	0.0687	0.048	0.0208	0.0135	0.2326	0.0238	0.0241	0.0262	0.1101	0.0192	0.0417	0.0133	0.0189	0.0225	0.0317	0.0559	0.0141	3.9047	4.0587	0.700893706
OC220302-SN0864	OC220302-SN0864	Inf	Inf*	0.00378609	0.00126	Inf	Inf	Inf	Inf	Inf	--	--	--	--	--	0	2	0.0089	0.015	0.0976	0.0162	0.0169	0.017	0.0179	0.0231	0.0125	0.1891	0.0105	0.01	0.0107	0.0624	0.011	0.0107	0.0104	0.019	0.0083	0.0161	0.0131	0.0102	3.9204	3.9389	0.940856863
OC220302-SN0865	OC220302-SN0865	Inf	Inf*	0.00857198	0.00637125	0.00534615	0.00492854	0.00512839	0.0113474	7.99638	--	--	--	--	--	0	2	0.0142	0.0435	0.1561	0.0104	0.0115	0.0109	0.0121	0.0194	0.0149	0.1746	0.0118	0.0089	0.0092	0.0411	0.0136	0.0159	0.0088	0.0171	0.0081	0.0126	0.0101	0.0089	4.0015	3.9927	0.903212811
OC220302-SN0866	OC220302-SN0866	Inf	Inf*	0.00632782	0.00521019	0.00510983	0.00434492	0.00494287	0.00724791	Inf	--	--	--	--	--	0	2	0.0579	0.0178	0.0882	0.0161	0.0188	0.0139	0.0132	0.012	0.0187	0.2182	0.0124	0.0095	0.0117	0.048	0.0136	0.0248	0.011	0.02	0.0095	0.0149	0.0133	0.0152	4.052	4.0273	0.931372549
OC220302-SN0867	OC220302-SN0867	Inf	Inf*	0.4498	0.381114	0.266246	0.33447	0.260664	0.266992	Inf	--	--	--	--	--	0	2	0.0126	0.0205	0.0735	0.0198	0.0207	0.0174	0.0189	0.0117	0.0176	0.189	0.0161	0.0127	0.0117	0.0466	0.0186	0.0181	0.0124	0.0236	0.008	0.0154	0.0119	0.0171	4.0929	3.8774	0.475978026
OC220302-SN0871	OC220302-SN0871	Inf	Inf*	0.807859	0.748857	14.8175	9.38159	9.5719	0.833855	Inf	--	--	--	--	--	0	2	0.0435	0.068	0.2368	0.0273	0.0207	0.0499	0.0284	0.0114	0.0125	0.322	0.0301	0.023	0.0286	0.0981	0.024	0.0106	0.0283	0.0328	0.0328	0.0152	0.0274	0.0129	3.9447	3.924	0.5051093
OC220302-SN0872	OC220302-SN0872	Inf	Inf*	0.000902091	0.0005	0.400386	0.388334	0.411139	0.101914	Inf	--	--	--	--	--	0	2	0.0508	0.0604	0.0869	0.0219	0.0138	0.0503	0.0357	0.026	0.0117	0.2496	0.0238	0.0219	0.0122	0.1248	0.014	0.0382	0.0121	0.0198	0.0228	0.0162	0.0437	0.0256	4.0599	3.9448	0.781804734
OC220302-SN0874	OC220302-SN0874	Inf	Inf*	0.422699	0.54964	Inf	Inf	Inf	Inf	Inf	--	--	--	--	--	0	2	0.0106	0.0159	0.0732	0.0142	0.0086	0.0177	0.0125	0.0099	0.0121	0.1894	0.0101	0.0093	0.009	0.0561	0.0123	0.0135	0.0144	0.0165	0.0098	0.0163	0.0124	0.0102	3.9691	3.6617	0.619108182
OC220302-SN0877	OC220302-SN0877	Inf	Inf*	0.0158826	0.00949808	8.5743	Inf	Inf	Inf	9.05231	--	--	--	--	--	0	2	0.0099	0.0257	0.0859	0.0135	0.0504	0.0114	0.0131	0.0113	0.0136	0.2407	0.0104	0.0092	0.0114	0.0568	0.0126	0.0209	0.013	0.0233	0.0114	0.0122	0.0157	0.0157	4.0476	3.7541	0.741168996
OC220302-SN0879	OC220302-SN0879	Inf	26.4456	0.169214	0.1477102	0.439272	0.58341	0.456297	0.357823	1.11411	--	--	--	--	--	2	2	0.1472	0.1469	0.4972	0.3045	0.0448	0.0154	0.0238	0.0156	0.0228	0.217	0.0619	0.05	0.0122	0.073	0.0349	0.0263	0.014	0.0208	0.0108	0.0132	0.0153	0.0105	4.0697	3.9303	0.499985421
OC220302-SN0880	OC220302-SN0880	Inf	Inf*	0.00513149	0.00236048	8.38784	7.907791	8.71897	1.63239	7.24612	--	--	--	--	--	0	2	0.0098	0.0123	0.081	0.0167	0.0146	0.0097	0.0137	0.0482	0.0158	0.1782	0.0108	0.0116	0.0109	0.0364	0.0209	0.0094	0.0086	0.0171	0.0076	0.012	0.0106	0.0162	3.8832	4.0144	0.920489061
OC220302-SN0882	OC220302-SN0882	Inf	Inf*	0.00295385	0.00337447	0.0114394	0.01259362	0.0109898	0.00958441	Inf	--	--	--	--	--	0	2	0.0234	0.0229	0.1206	0.0333	0.0133	0.0141	0.0153	0.0133	0.0172	0.2308	0.0152	0.0092	0.0176	0.0575	0.0163	0.0107	0.0106	0.0171	0.009	0.0141	0.0108	0.013	3.9917	4.0916	0.959143
OC220302-SN0883	OC220302-SN0883	Inf	Inf*	0.000582419	0.0005	0.00054674	0.00207287	0.000666588	0.000765794	1.15632	--	--	--	--	--	0	2	0.0441	0.0515	0.0992	0.0252	0.0209	0.0467	0.0264	0.0139	0.0119	0.3311	0.0304	0.0317	0.0443	0.1019	0.0263	0.0121	0.0821	0.0279	0.0299	0.0164	0.0285	0.0129	3.7283	4.0001	0.877682041
OC220302-SN0887	OC220302-SN0887	Inf	Inf*	0.00210295	0.00224348	0.0019282	0.0036473	0.00198451	0.00275284	0.692411	--	--	--	--	--	0	2	0.0654	0.1504	0.3303	0.1101	0.0211	0.0802	0.0392	0.0097	0.0161	0.2876	0.0393	0.0237	0.0617	0.1063	0.0174	0.3653	0.0277	0.5465	0.0217	0.0408	0.1912	0.0175	4.0122	3.8374	0.796342857
OC220302-SN0888	OC220302-SN0888	Inf	Inf*	0.0225486	0.00956474	2.91522	4.36574	2.788	0.089004116	3.922	--	--	--	--	--	1	2	0.0534	0.0443	0.1662	0.0593	0.0488	0.0191	0.0168	0.0103	0.0159	0.2502	0.0266	0.0095	0.0095	0.0532	0.0113	0.0121	0.0105	0.0163	0.0169	0.015	0.0115	0.0141	3.9404	3.6644	0.842719486
OC220302-SN0890	OC220302-SN0890	Inf	Inf*	0.0120271	0.00817922	0.141846	0.187873	0.202204	0.2219	Inf	--	--	--	--	--	0	2	0.0098	0.0138	0.1064	0.013	0.0111	0.0133	0.0146	0.0106	0.0124	0.2281	0.0093	0.01	0.0102	0.0456	0.0496	0.01	0.0093	0.017	0.0118	0.013	0.0099	0.0236	4.3251	4.0961	0.770203111
OC220302-SN0894	OC220302-SN0894	Inf	Inf*	0.00896872	0.00890922	0.00550193	0.0111449	0.0113855	0.00583667	0.29511	--	--	--	--	--	0	2	0.0482	0.0278	0.1348	0.0308	0.0247	0.0144	0.0288	0.0124	0.0249	0.2972	0.0366	0.0335	0.0121	0.0672	0.0341	0.021	0.0213	0.0267	0.0169	0.0151	0.0183	0.0161	4.0062	3.9214	0.905898282
