antibody,TSNE2,TSNE1,group,show_name
BD30-196,6.080653,25.98141,C,BD-196
BD30-218,33.48643,19.85635,A,BD-218
BD30-236,32.23481,15.27557,A,BD-236
BD30-254,8.669407,32.553715,C,BD-254
BD30-255,26.624504,43.689182,B,BD-255
BD30-319,22.725008,39.152355,B,BD-319
BD30-320,6.791447,-30.956158,F2,BD-320
BD30-362,7.4001317,18.264303,C,BD-362
BD30-368,7.3530297,18.105005,C,BD-368
BD30-369,30.528841,19.500505,A,BD-369
BD30-380,-22.981596,6.0826507,E2.2,BD-380
BD30-395,36.33157,19.137177,A,BD-395
BD30-397,5.848602,25.85465,C,BD-397
BD30-403,10.510683,24.4582,C,BD-403
BD30-417,27.597242,34.173317,B,BD-417
BD30-418,39.871346,20.316816,A,BD-418
BD30-421,-22.534016,14.018923,E2.2,BD-421
BD30-449,12.224166,-13.087891,F3,BD-449
BD30-467,11.617769,3.911224,D2,BD-467
BD30-494,34.329567,14.9634285,A,BD-494
BD30-498,31.089664,19.253906,A,BD-498
BD30-500,31.727821,22.255146,A,BD-500
BD30-503,32.64834,19.444191,A,BD-503
BD30-504,33.959354,16.155582,A,BD-504
BD30-505,30.283422,20.605555,A,BD-505
BD30-507,31.455872,12.486326,A,BD-507
BD30-508,35.03768,20.014143,A,BD-508
BD30-515,34.518684,17.72016,A,BD-515
BD30-536,4.741235,29.0322,C,BD-536
BD30-566,23.655638,41.954987,B,BD-566
BD30-593,4.697827,28.310764,C,DXP-593
BD30-598,32.32085,17.242996,A,BD-598
BD30-599,30.47406,20.122015,A,BD-599
BD30-604,36.56026,17.498575,A,DXP-604
BD30-605,32.489285,20.975065,A,BD-605
BD30-612,32.416893,19.780619,A,BD-612
BD30-613,36.497852,20.629513,A,BD-613
BD30-614,33.685177,19.254473,A,BD-614
BD30-616,32.180195,19.830349,A,BD-616
BD30-618,29.34148,16.75053,A,BD-618
BD30-619,31.841328,17.231966,A,BD-619
BD30-623,23.964087,40.601467,B,BD-623
BD30-628,36.453663,20.251972,A,BD-628
BD30-629,34.271465,17.29336,A,BD-629
BD45-1,-4.4364567,-13.791278,E1,S309
BD45-103,19.941813,-17.123047,F3,S2X35
BD45-104,17.962517,-22.289501,F2,S2X259
BD45-105,-29.361187,-9.214967,E3,S2H97
BD45-109,29.207287,16.700066,A,P5A-3A1
BD45-11,8.449332,25.631058,C,LY-CoV555
BD45-111,29.629002,35.662354,B,15033
BD45-112,39.08591,23.082222,A,CR3022-B6
BD45-113,13.347936,25.491257,A,2H2
BD45-115,28.729107,18.074125,A,CV05-163
BD45-116,1.5608114,-6.905273,E1,CV38-142
BD45-117,-23.66069,14.737538,E2.2,FC08
BD45-118,7.905827,-34.934208,F2,CR3014-C8
BD45-119,20.036814,-17.249205,F3,3C1
BD45-12,28.404339,40.106087,B,COV2-2196
BD45-121,5.0443177,30.004765,C,P17
BD45-122,29.251595,15.558694,A,P2B-1A10
BD45-123,22.819847,15.056152,A,P5A-2G9
BD45-127,11.453529,-0.8584303,D2,HB27
BD45-129,8.645518,27.573505,C,C058
BD45-13,2.284363,13.799616,D1,COV2-2130
BD45-130,8.928362,33.033154,C,C083
BD45-131,8.160502,16.353333,C,C085
BD45-132,-1.7469144,-25.796883,F2,C089
BD45-133,7.988381,28.131006,C,C516
BD45-134,26.876907,40.989258,B,C597
BD45-135,-32.347557,-0.9754457,E2.2,C547
BD45-136,-30.37614,11.242583,E2.2,C552
BD45-137,-19.934885,26.514217,E2.1,C556
BD45-139,7.803094,-33.352722,F2,C213
BD45-14,-6.439738,-42.46006,F1,S304
BD45-140,7.9242153,-33.289764,F2,C217
BD45-141,-25.511648,10.960788,E2.2,C091
BD45-142,22.826405,17.923796,A,C093
BD45-143,1.3720345,14.424095,D1,C034
BD45-144,-2.8345938,-26.527685,F2,C048
BD45-145,1.5594157,-6.7972565,E1,C576
BD45-146,22.208038,17.20196,A,C578
BD45-147,-23.999065,11.050327,E2.2,C581
BD45-148,9.028025,27.998386,C,C591
BD45-149,8.514903,-25.014782,F2,C594
BD45-15,8.929049,22.694853,C,S2M11
BD45-150,10.823528,24.304533,C,CM32
BD45-151,16.74088,-33.74361,F2,CV2-75
BD45-152,10.232691,3.695125,D2,LY-CoV1404
BD45-154,12.637599,25.457396,A,BG7-20
BD45-157,31.059982,19.120098,A,BG4-25
BD45-158,9.723142,5.478468,D2,Ehling_mAb-50
BD45-159,31.858059,17.72537,A,Ehling_mAb-64
BD45-16,11.7351,-2.1040924,F3,S2H14
BD45-160,-0.10918679,19.071533,D1,Ehling_mAb-82
BD45-161,9.393034,28.166388,C,DH1043
BD45-162,8.519127,28.63812,C,DH1042
BD45-163,25.235922,14.645288,A,DH1179
BD45-164,8.249304,28.384296,C,DH1184
BD45-166,8.390995,28.797874,C,DH1186
BD45-167,-4.2711124,14.862701,D1,DH1044
BD45-169,32.385387,18.11108,A,DH1126
BD45-17,8.666436,32.50132,C,S2H13
BD45-170,6.983381,16.668472,D1,DH1161-1
BD45-171,10.907042,30.06607,C,DH1173
BD45-172,20.954407,15.848235,C,DH1143
BD45-173,31.82799,18.884464,A,DH1154
BD45-175,-18.583437,27.995356,E2.1,DH1151
BD45-176,6.8936276,16.665852,D1,DH1160
BD45-177,27.220217,18.901575,A,DH1140
BD45-178,22.84074,17.924795,A,DH1210
BD45-18,28.070807,39.085625,B,S2E12
BD45-180,11.048095,-32.49103,F2,DH1045
BD45-181,15.200243,-31.08944,F2,DH1046
BD45-182,20.704319,-11.607358,F3,DH1180
BD45-183,20.656412,-11.815254,F3,DH1183
BD45-184,5.309609,30.707817,C,DH1128
BD45-185,5.240287,30.570961,C,DH1129
BD45-186,38.578068,23.749706,A,DH1155
BD45-187,-23.848974,6.9151635,E2.2,DH1193
BD45-188,3.8806694,26.894255,C,DH1111
BD45-189,6.8627086,16.615103,D1,DH1161-2
BD45-19,9.521985,-31.523151,F2,S2A4
BD45-190,-32.729946,-8.455267,E3,DH1064
BD45-191,14.657603,-30.646866,F2,DH1073
BD45-192,5.3635955,30.786448,C,DH1130
BD45-193,6.260385,16.584703,D1,DH1063
BD45-194,6.523655,29.068285,C,DH1082
BD45-195,-34.39477,-2.6271071,E3,DH1072
BD45-196,8.770354,26.552744,C,DH1159-2
BD45-197,-8.549254,-27.653421,F1,DH1088
BD45-198,7.068021,17.25602,C,DH1196
BD45-199,-10.801078,-49.801582,F1,DH1117
BD45-20,28.587658,15.543281,A,P4A1
BD45-201,9.412965,29.464563,C,DH1214
BD45-206,-34.707546,6.0528717,E2.2,TAU-1115
BD45-208,2.8053777,13.315673,D1,TAU-2189
BD45-209,2.7590883,12.767432,D1,TAU-2230
BD45-21,31.347485,19.749687,A,BRII-196
BD45-211,-18.377987,22.055525,E2.1,TAU-2220
BD45-212,-31.920263,-6.121821,E3,TAU-2310
BD45-214,8.833378,26.114405,C,CV07-200
BD45-215,28.91235,37.43421,B,CV07-209
BD45-216,9.414932,28.000685,C,CV07-222
BD45-218,11.179657,30.164045,C,CV07-255
BD45-219,10.214742,27.541767,C,CV07-262
BD45-22,20.32886,36.636696,C,P2C-1A3
BD45-221,9.074671,27.31594,C,CV07-283
BD45-222,29.336075,40.634026,B,CV07-287
BD45-223,3.5609672,21.894844,C,CV07-315
BD45-225,24.666325,39.917736,B,CV-X2-106
BD45-227,26.539694,39.850597,B,COV2-3025
BD45-228,25.412216,38.16247,B,COV2-2046
BD45-230,37.900246,22.654282,A,COV2-2098
BD45-231,36.126545,20.702507,A,COV2-2068
BD45-232,9.519744,26.06991,C,COV2-2504
BD45-233,38.344635,21.613441,A,COV2-2308
BD45-234,0.79742366,22.65072,C,COV2-2391
BD45-235,35.14348,19.32912,A,COV2-2113
BD45-239,0.6671512,22.598198,C,COV2-2064
BD45-240,29.511478,40.304333,B,COV2-2684
BD45-241,25.027817,41.719555,B,COV2-2072
BD45-242,0.7017819,22.453287,C,COV2-2539
BD45-243,-22.896116,28.88341,E2.1,COV2-2389
BD45-245,0.19109225,22.995941,C,COV2-2413
BD45-246,7.633996,32.714844,C,COV2-2819
BD45-247,27.039526,40.911438,B,COV2-2381
BD45-248,-21.014706,27.419413,E2.1,COV2-2628
BD45-249,20.248285,15.769435,C,COV2-2353
BD45-25,30.16248,18.050121,A,LY-CoV488
BD45-250,23.79917,15.1564,A,COV2-2589
BD45-251,-22.711575,5.935953,E2.2,COV2-2485
BD45-252,1.1960078,21.879288,D1,COV2-2693
BD45-253,7.1609364,-30.660006,F2,COV2-2531
BD45-254,22.08429,15.34084,A,COV2-2919
BD45-255,37.65191,19.903826,A,COV2-2037
BD45-256,3.3964355,17.490032,D1,COV2-2780
BD45-258,29.140203,39.71632,B,COV2-2941
BD45-259,4.6215,27.105106,C,COV2-2479
BD45-26,31.099674,16.592554,A,LY-CoV481
BD45-262,-0.2347601,21.185009,C,COV2-2955
BD45-263,12.554068,0.10878563,D2,COV2-2499
BD45-264,10.497727,4.1939983,D2,COV2-2268
BD45-265,10.143588,5.4580927,D2,COV2-2760
BD45-267,22.353136,15.486886,A,COV2-2807
BD45-269,6.6689987,-29.903347,F2,COV2-2841
BD45-27,8.846942,28.392443,C,H4
BD45-270,9.121892,-27.00383,F2,COV2-2103
BD45-271,13.12164,-27.911314,F2,COV2-2677
BD45-272,9.376315,-32.02706,F2,COV2-2734
BD45-274,-40.51797,-18.011274,E3,COV2-2848
BD45-275,19.275948,-29.396523,F2,COV2-2678
BD45-277,7.925124,-29.430595,F2,COV2-2258
BD45-278,18.731754,-31.788656,F2,COV2-2514
BD45-279,15.537772,-23.61133,F2,COV2-2015
BD45-280,9.607152,-30.575283,F2,COV2-2828
BD45-282,14.463739,-17.439737,F3,NT-193
BD45-283,16.970621,-15.910545,F3,ADG-2
BD45-3,28.575417,35.06817,B,REGN10933
BD45-30,-4.5402303,-40.895184,F1,EY6A
BD45-31,15.31455,-27.437366,F2,DH1047
BD45-32,9.274324,28.474041,C,DH1041
BD45-33,29.573364,17.708658,A,CV30
BD45-34,3.6363664,17.881691,D1,CV07-270
BD45-35,39.22783,22.047522,A,CV07-250
BD45-36,15.0626745,-34.09117,F2,CR3022
BD45-37,24.924812,14.859945,A,COVOX-88
BD45-38,3.921049,14.403598,D1,COVOX-75
BD45-39,-31.716755,-1.0085475,E2.2,COVOX-45
BD45-4,9.480462,4.3606176,D2,REGN10987
BD45-40,35.87054,17.359484,A,COVOX-40
BD45-41,8.37582,32.0858,C,COVOX-384
BD45-42,10.767367,30.457273,C,COVOX-316
BD45-43,33.03648,18.621778,A,COVOX-269
BD45-44,26.927176,40.66853,B,COVOX-253H55L
BD45-45,26.421873,40.879013,B,COVOX-253H165L
BD45-46,37.40901,16.445534,A,COVOX-222
BD45-48,33.957245,18.822672,A,COVOX-150
BD45-49,20.686247,36.675198,B,COVA2-39
BD45-50,29.719208,17.091099,A,COVA2-04
BD45-51,-3.151171,-26.048565,E3,COVA1-16
BD45-52,28.574598,16.35922,A,CC12.3
BD45-53,30.482553,17.075354,A,CC12.1
BD45-54,29.970106,15.921091,A,LY-CoV016
BD45-55,1.3885579,-7.733222,E1,CA521
BD45-56,28.592323,16.299028,A,C1A-F10
BD45-57,28.12832,16.029652,A,C1A-C2
BD45-58,28.93456,16.607855,A,C1A-B3
BD45-59,27.813705,16.623466,A,C1A-B12
BD45-60,9.4793215,22.862762,C,C144
BD45-61,37.141148,20.155285,A,C135
BD45-62,8.577676,26.665464,C,C121
BD45-63,6.0264735,14.699301,D1,C119
BD45-64,1.0979054,16.582865,D1,C110
BD45-65,27.549454,15.641399,A,C105
BD45-67,31.50148,16.885235,A,C102
BD45-68,10.539048,24.795347,C,C002
BD45-7,1.5693713,21.134695,D1,P2B-2F6
BD45-70,9.499997,6.1093154,D2,BG7-15
BD45-71,6.875423,-10.697289,E1,BG10-19
BD45-72,24.310482,36.810562,B,BG1-24
BD45-74,32.762897,16.515923,A,B38
BD45-75,10.921307,25.086044,C,7D6
BD45-77,12.119793,25.613148,C,2-15
BD45-79,6.0078635,14.621323,D1,1-57
BD45-9,16.89432,-25.754137,F2,H014
BD55-1004,-10.078941,-39.13918,F1,BD55-1004
BD55-1009,3.5652049,15.390101,D1,BD55-1009
BD55-102,28.64654,14.161056,A,BD-732
BD55-1027,-39.218018,-17.053112,E3,BD55-1027
BD55-1028,-2.5161638,-45.16183,F1,BD55-1028
BD55-1029,-20.792442,33.07075,E2.1,BD55-1029
BD55-1034,-29.714544,-11.854413,E3,BD55-1034
BD55-1038,-10.9514675,-37.987804,F1,BD55-1038
BD55-1039,-5.8832884,13.659512,D1,BD55-1039
BD55-1041,-40.603798,-17.596142,E3,BD55-1041
BD55-1049,4.882792,29.239094,C,BD55-1049
BD55-1051,9.280992,25.301098,C,BD55-1051
BD55-1061,39.316715,20.974768,A,BD55-1061
BD55-1064,-8.789493,-50.15145,F1,BD55-1064
BD55-1065,9.820672,29.2542,C,BD55-1065
BD55-1070,-1.251202,-44.70496,F1,BD55-1070
BD55-1073,-22.87431,32.11518,E2.1,BD55-1073
BD55-1075,10.6658945,-31.170769,F2,BD55-1075
BD55-1078,9.487321,30.251661,C,BD55-1078
BD55-1084,1.4948857,24.744295,C,BD55-1084
BD55-1087,-26.619993,-14.944332,E3,BD55-1087
BD55-109,36.74771,21.426378,A,BD-739
BD55-1091,-4.6211267,-7.56391,E1,BD55-1091
BD55-1092,25.338503,14.834467,A,BD55-1092
BD55-1093,-12.962512,-37.031216,F1,BD55-1093
BD55-1096,10.163808,-26.206972,F2,BD55-1096
BD55-1104,11.151225,3.1522574,D2,BD55-1104
BD55-1109,10.648192,5.249145,D2,BD55-1109
BD55-1114,2.1691234,-6.6663094,E1,BD55-1114
BD55-1117,11.832191,-30.955078,F2,BD55-1117
BD55-1128,-3.0503302,-42.427475,F1,BD55-1128
BD55-1129,13.715707,-33.38922,F2,BD55-1129
BD55-113,-42.52543,-16.594408,E3,BD-743
BD55-1132,-1.4389906,-44.74943,F1,BD55-1132
BD55-1136,11.54098,0.7012121,D2,BD55-1136
BD55-114,-21.91604,27.268059,E2.1,BD-744
BD55-1140,-29.661886,-13.166005,E3,BD55-1140
BD55-1141,-26.17994,-16.52416,E3,BD55-1141
BD55-1144,-27.511889,-16.18609,E3,BD55-1144
BD55-1145,-26.058865,-16.791428,E3,BD55-1145
BD55-1146,-35.94618,-19.856247,E3,BD55-1146
BD55-1162,-26.5335,-16.337078,E3,BD55-1162
BD55-1171,6.6971164,32.949776,C,BD55-1171
BD55-1179,-35.135532,7.975292,E2.2,BD55-1179
BD55-118,-25.568954,7.96707,E2.2,BD-748
BD55-1180,26.2311,42.420097,B,BD55-1180
BD55-1192,-3.809307,23.61446,C,BD55-1192
BD55-1199,-32.268234,-3.8164248,E3,BD55-1199
BD55-1208,37.716755,17.907894,A,BD55-1208
BD55-121,12.886854,29.131844,F1,BD-751
BD55-1211,-12.581282,-40.14183,F1,BD55-1211
BD55-1214,-29.203186,-9.698551,E3,BD55-1214
BD55-1223,8.970104,32.594646,C,BD55-1223
BD55-1225,8.84735,-26.987053,F2,BD55-1225
BD55-1226,-15.252609,-37.9227,F1,BD55-1226
BD55-1232,1.6345621,-7.113405,E1,BD55-1232
BD55-1233,16.027214,-28.733988,F2,BD55-1233
BD55-1237,11.973501,-29.74514,F2,BD55-1237
BD55-1239,23.446175,-27.973959,F2,BD55-1239
BD55-1241,-28.347696,-8.040541,E3,BD55-1241
BD55-1242,-10.643801,-37.078117,F1,BD55-1242
BD55-1244,-9.522117,-52.126095,F1,BD55-1244
BD55-1245,-0.0074718352,-9.430328,E1,BD55-1245
BD55-1249,24.752258,14.349229,A,BD55-1249
BD55-125,-27.539192,12.485971,E2.2,BD-755
BD55-1251,-31.445705,1.246788,E2.2,BD55-1251
BD55-1256,8.44155,29.495092,C,BD55-1256
BD55-1257,-14.964191,-46.123035,F1,BD55-1257
BD55-126,-27.650219,12.604136,E2.2,BD-756
BD55-1263,19.56378,37.546303,B,BD55-1263
BD55-1266,-33.103825,-1.2838888,E2.2,BD55-1266
BD55-1268,-1.213061,12.493787,D1,BD55-1268
BD55-1273,13.443745,-34.921932,F2,BD55-1273
BD55-1274,-17.11021,25.645672,E2.1,BD55-1274
BD55-1275,-33.98963,5.625065,E2.2,BD55-1275
BD55-1278,-29.825716,-10.297336,E3,BD55-1278
BD55-128,-20.131857,24.499546,E2.1,BD-758
BD55-1294,-20.580906,19.9978,E1,BD55-1294
BD55-1297,-6.1534967,-45.63823,F1,BD55-1297
BD55-13,6.297834,15.461254,D1,BD-643
BD55-1307,-26.128021,11.349193,E2.2,BD55-1307
BD55-1312,-20.241964,29.649727,E2.1,BD55-1312
BD55-1315,39.0524,20.841383,A,BD55-1315
BD55-1323,21.807915,16.095272,C,BD55-1323
BD55-1332,-31.535988,-10.701895,E3,BD55-1332
BD55-1334,29.180735,34.528156,B,BD55-1334
BD55-1338,-13.957642,-40.312176,F1,BD55-1338
BD55-1339,-6.513596,13.345679,E1,BD55-1339
BD55-1341,-13.093942,-45.472458,F1,BD55-1341
BD55-1343,21.46139,-31.048391,F2,BD55-1343
BD55-1346,37.535988,20.856653,A,BD55-1346
BD55-1354,-2.2054596,14.069009,D1,BD55-1354
BD55-137,22.929285,35.729534,B,BD-767
BD55-1374,22.419382,15.6523695,A,BD55-1374
BD55-1391,-28.66166,-15.101115,E3,BD55-1391
BD55-1396,-29.1132,-13.733175,E3,BD55-1396
BD55-1398,-6.8017516,-43.136246,F1,BD55-1398
BD55-1403,-3.318094,-15.1777315,E1,BD55-1403
BD55-1404,40.574833,20.391775,A,BD55-1404
BD55-1405,-28.519047,-9.410958,E3,BD55-1405
BD55-141,20.432245,38.0286,B,BD-771
BD55-1411,10.430302,-26.03274,F2,BD55-1411
BD55-1412,9.572439,-30.141516,F2,BD55-1412
BD55-1416,-11.287708,-43.62202,F1,BD55-1416
BD55-1421,22.645529,40.07676,B,BD55-1421
BD55-1429,-11.658256,-43.64974,F1,BD55-1429
BD55-1432,-23.98136,28.193539,E2.1,BD55-1432
BD55-1435,1.3107306,22.63371,C,BD55-1435
BD55-1442,-23.978695,14.402883,E2.2,BD55-1442
BD55-1445,-39.993774,-17.093992,E3,BD55-1445
BD55-1450,9.155095,-10.156797,F3,BD55-1450
BD55-1451,39.39,20.592201,A,BD55-1451
BD55-1453,-39.868084,-15.964883,E3,BD55-1453
BD55-1456,39.695206,18.801271,A,BD55-1456
BD55-1458,-30.171667,-9.839485,E3,BD55-1458
BD55-1464,-9.515415,-41.961765,F1,BD55-1464
BD55-1472,-23.113173,9.339852,E2.2,BD55-1472
BD55-1486,-39.93492,-17.99752,E3,BD55-1486
BD55-1499,-9.036101,-43.326706,F1,BD55-1499
BD55-1502,23.709795,13.787812,A,BD55-1502
BD55-1503,37.611618,22.093607,A,BD55-1503
BD55-1508,28.750803,34.637154,B,BD55-1508
BD55-1558,2.2417197,23.597406,C,BD55-1558
BD55-1570,-27.630527,-9.673721,E3,BD55-1570
BD55-1575,34.564507,16.21431,A,BD55-1575
BD55-1576,9.540589,32.171574,C,BD55-1576
BD55-1579,8.754554,29.825989,C,BD55-1579
BD55-160,9.824731,28.261265,C,BD-790
BD55-1604,-28.301027,-16.017448,E3,BD55-1604
BD55-161,9.129394,29.880098,C,BD-791
BD55-1638,2.184216,-9.066974,E1,BD55-1638
BD55-166,-23.854658,12.17845,E2.2,BD-796
BD55-1694,4.6800103,28.532259,C,BD55-1694
BD55-1706,0.3067907,12.651558,D1,BD55-1706
BD55-171,-2.3000026,-26.092037,F2,BD-801
BD55-174,0.19981949,13.065542,D1,BD-804
BD55-175,29.84412,36.92839,B,BD-805
BD55-1763,22.62002,17.316933,A,BD55-1763
BD55-177,29.291298,36.524353,B,BD-807
BD55-1779,1.9868263,15.137174,D1,BD55-1779
BD55-1789,21.594755,-14.613987,F3,BD55-1789
BD55-179,-40.622925,-16.031954,E3,BD-809
BD55-1809,22.953691,18.348068,A,BD55-1809
BD55-1811,-27.399788,-12.725802,E3,BD55-1811
BD55-182,11.564812,2.9539802,D2,BD-812
BD55-183,37.2517,17.419985,A,BD-813
BD55-1831,-31.703896,11.391636,E2.2,BD55-1831
BD55-185,-42.238125,-17.75647,E3,BD-815
BD55-1868,10.308459,-32.270123,F2,BD55-1868
BD55-187,10.884061,4.3799863,D2,BD-817
BD55-188,-35.4085,5.5191274,E2.2,BD-818
BD55-189,-35.313602,13.527122,E2.2,BD-819
BD55-191,10.373245,5.162372,D2,BD-821
BD55-192,22.224457,15.716912,A,BD-822
BD55-194,-2.7114246,12.391122,D1,BD-824
BD55-1957,-23.75113,14.436188,E2.2,BD55-1957
BD55-196,-20.30224,23.505627,E2.1,BD-826
BD55-1962,-0.43546218,18.158552,D1,BD55-1962
BD55-197,0.9230647,12.468788,D1,BD-827
BD55-1970,37.61612,18.7633,A,BD55-1970
BD55-198,-12.969291,-37.082844,F1,BD-828
BD55-203,29.695345,37.045063,B,BD-833
BD55-205,9.983722,29.042149,C,BD-835
BD55-206,28.71607,36.53655,B,BD-836
BD55-207,26.074667,41.815044,B,BD-837
BD55-2101,-11.890551,-37.649906,F1,BD55-2101
BD55-213,-6.0575957,-46.3382,F1,BD-843
BD55-216,-34.430645,5.4188466,E2.2,BD-846
BD55-219,-31.939583,3.2184887,E2.2,BD-849
BD55-2314,-28.712088,-11.208684,E3,BD55-2314
BD55-233,-25.683691,-16.020468,E3,BD-863
BD55-234,2.5419438,14.02272,D1,BD-864
BD55-240,7.036408,28.250408,C,BD-870
BD55-2413,-14.762445,-46.875607,F1,BD55-2413
BD55-2532,-1.0895127,-5.065023,E1,BD55-2532
BD55-267,10.825992,31.286926,C,BD-897
BD55-268,26.544754,38.027084,B,BD-898
BD55-269,21.481121,-26.435965,F2,BD-899
BD55-2696,16.033785,-33.136765,F2,BD55-2696
BD55-270,10.301184,25.438677,C,BD-900
BD55-271,-29.279549,13.603357,E2.2,BD-901
BD55-272,9.646286,-26.544857,F2,BD-902
BD55-274,1.346811,-6.396768,E1,BD-904
BD55-276,11.225334,27.866932,C,BD-906
BD55-277,-2.504303,-4.3002086,E1,BD-907
BD55-282,26.698845,42.827236,B,BD-912
BD55-283,-21.633013,11.039545,E2.2,BD-913
BD55-284,-20.228973,31.086124,E2.1,BD-914
BD55-285,27.96736,19.455355,A,BD-915
BD55-286,9.646071,-33.276375,F2,BD-916
BD55-287,11.817709,-33.76901,F2,BD-917
BD55-288,2.1357188,16.403103,D1,BD-918
BD55-292,24.56254,39.02522,B,BD-922
BD55-293,-20.67622,30.285381,E2.1,BD-923
BD55-300,28.02154,14.763852,A,BD55-300
BD55-302,-22.203003,28.611324,E2.1,BD55-302
BD55-311,-19.492357,23.981668,E2.1,BD55-311
BD55-3149,-2.8970654,-15.580402,E1,BD55-3149
BD55-3150,-29.817575,-3.7677913,E3,BD55-3150
BD55-3152,-3.1470914,-5.548386,E1,BD55-3152
BD55-316,8.15767,-31.16344,F2,BD55-316
BD55-3161,2.8667896,-37.93705,F1,BD55-3161
BD55-319,8.156493,-32.587063,F2,BD55-319
BD55-3293,-15.536975,-39.571632,F1,BD55-3293
BD55-3300,-26.548346,4.1880884,E2.2,BD55-3300
BD55-3304,21.368034,-28.672329,F2,BD55-3304
BD55-3324,-9.24043,-46.586704,F1,BD55-3324
BD55-3327,-38.601147,-17.632683,E3,BD55-3327
BD55-3337,-34.129242,-12.29126,E3,BD55-3337
BD55-3366,-10.515156,-48.425896,F1,BD55-3366
BD55-3367,-12.8734865,-38.2503,F1,BD55-3367
BD55-3370,-22.957514,8.511606,E2.2,BD55-3370
BD55-3372,19.312553,-14.941421,F3,BD55-3372
BD55-3414,19.64416,-14.345502,F3,BD55-3414
BD55-3417,-33.25943,-2.552286,E3,BD55-3417
BD55-3433,-2.4907014,-5.6759863,E1,BD55-3433
BD55-3440,-1.9524266,-5.945019,E1,BD55-3440
BD55-3451,-4.459004,-12.901301,E1,BD55-3451
BD55-3457,0.7939801,-4.834206,E1,BD55-3457
BD55-347,5.9976153,-30.140518,F2,BD55-347
BD55-3484,-27.110558,8.2913,E2.2,BD55-3484
BD55-3500,22.570368,-27.511045,F2,BD55-3500
BD55-3525,-25.533453,8.947447,E2.2,BD55-3525
BD55-3546,-3.6079302,-6.1190023,E1,BD55-3546
BD55-3549,-10.3832855,-38.28211,F1,BD55-3549
BD55-3561,-27.270954,-14.189119,E3,BD55-3561
BD55-3597,-29.549341,-8.562305,E3,BD55-3597
BD55-3602,-2.8420062,-46.182148,F1,BD55-3602
BD55-3611,-32.90627,-3.1519313,E3,BD55-3611
BD55-3637,-4.994396,-13.813396,E1,BD55-3637
BD55-3670,12.892486,-34.750225,F2,BD55-3670
BD55-3684,-14.182289,-37.738903,F1,BD55-3684
BD55-3698,-26.780703,5.3909135,E2.2,BD55-3698
BD55-37,-6.7176795,14.516446,E1,BD-667
BD55-3716,6.6019406,-28.51537,F2,BD55-3716
BD55-3721,14.980651,-34.59061,F2,BD55-3721
BD55-3741,7.5917835,-36.171574,F1,BD55-3741
BD55-3773,-32.121243,-11.231629,E3,BD55-3773
BD55-3807,-41.110725,-18.079483,E3,BD55-3807
BD55-3832,-40.680862,-14.419469,E3,BD55-3832
BD55-387,10.098011,4.47884,D2,BD55-387
BD55-389,10.247042,-33.01411,F2,BD55-389
BD55-40,8.569012,22.363895,C,BD-670
BD55-4281,-3.6259196,-14.790758,E1,BD55-4281
BD55-4285,0.2238278,-5.1230726,E1,BD55-4285
BD55-4286,-7.1366234,-49.429585,F1,BD55-4286
BD55-4325,0.24234794,-5.1699047,E1,BD55-4325
BD55-4328,-7.8074183,-28.99704,F1,BD55-4328
BD55-4329,-8.409943,-47.197044,F1,BD55-4329
BD55-4342,-11.837233,-37.93872,F1,BD55-4342
BD55-4343,15.481802,-35.00204,F2,BD55-4343
BD55-4344,11.179163,-25.288744,F2,BD55-4344
BD55-4345,17.932652,-21.995378,F2,BD55-4345
BD55-4348,-1.2349622,-27.393602,F2,BD55-4348
BD55-4351,9.132459,29.765085,C,BD55-4351
BD55-4356,14.064191,-33.95871,F2,BD55-4356
BD55-4357,8.109092,-29.587305,F2,BD55-4357
BD55-4358,-2.8609533,-26.39231,F2,BD55-4358
BD55-4359,-12.706605,-49.320248,F1,BD55-4359
BD55-4360,-9.703432,-50.290356,F1,BD55-4360
BD55-4364,-7.454291,-48.837284,F1,BD55-4364
BD55-4382,-1.2498066,23.205153,C,BD55-4382
BD55-4392,-8.538703,-28.937607,F1,BD55-4392
BD55-4394,-8.252201,-49.513386,F1,BD55-4394
BD55-4397,2.000839,23.116829,C,BD55-4397
BD55-4418,-2.8700368,-46.16148,F1,BD55-4418
BD55-4464,-8.970494,-27.761013,F1,BD55-4464
BD55-4467,-26.303013,5.410382,E2.2,BD55-4467
BD55-4483,16.624454,-23.301542,F2,BD55-4483
BD55-4484,-6.0767937,-13.945979,E1,BD55-4484
BD55-4495,-2.0311127,-5.1575913,E1,BD55-4495
BD55-4637,13.345142,-12.878178,F3,BD55-4637
BD55-4662,26.168774,42.9435,B,BD55-4662
BD55-4664,-2.405918,-3.924982,E1,BD55-4664
BD55-4707,10.077026,-36.315987,F2,BD55-4707
BD55-4760,9.011655,-30.584898,F2,BD55-4760
BD55-4804,-32.673588,-7.7610908,E3,BD55-4804
BD55-4892,-5.0111713,-13.773964,E1,BD55-4892
BD55-5001,-3.4142404,-6.9119287,E1,BD55-5001
BD55-5163,16.680246,-12.871491,F3,BD55-5163
BD55-5164,21.871984,-28.218,F2,BD55-5164
BD55-5166,8.397652,-26.65754,F2,BD55-5166
BD55-5167,17.957247,-26.010433,F2,BD55-5167
BD55-5168,19.623669,-15.431287,F3,BD55-5168
BD55-5170,20.094933,-30.18718,F2,BD55-5170
BD55-5171,-4.00105,-6.1031046,E1,BD55-5171
BD55-5175,-3.6601114,-6.467285,E1,BD55-5175
BD55-5176,13.955507,0.87447923,F1,BD55-5176
BD55-5182,-6.4976926,-28.119694,F2,BD55-5182
BD55-5183,30.154863,35.021214,B,BD55-5183
BD55-5189,22.82123,-26.305038,F2,BD55-5189
BD55-5195,2.686006,-7.8959403,E1,BD55-5195
BD55-5196,19.984472,-18.00137,F3,BD55-5196
BD55-5198,16.124353,-16.628592,F3,BD55-5198
BD55-5200,-1.2625362,-8.770056,E1,BD55-5200
BD55-5201,18.865347,-26.553253,F2,BD55-5201
BD55-5205,-14.735009,-44.912342,F1,BD55-5205
BD55-5212,-28.205837,-8.704491,E3,BD55-5212
BD55-5215,-10.138239,-43.38362,F1,BD55-5215
BD55-5219,-2.7256052,-6.8019147,E1,BD55-5219
BD55-5223,21.502502,-27.816387,F2,BD55-5223
BD55-5226,15.532292,-33.616913,F2,BD55-5226
BD55-5228,-2.1309109,-6.8270197,E1,BD55-5228
BD55-5233,19.686684,-14.084216,F3,BD55-5233
BD55-5234,-8.443153,-27.673063,F1,BD55-5234
BD55-5236,-2.1923683,-27.25725,F2,BD55-5236
BD55-5238,17.166924,-26.125452,F2,BD55-5238
BD55-5239,17.552412,-26.957655,F2,BD55-5239
BD55-5242,21.950605,-28.36675,F2,BD55-5242
BD55-5245,19.20382,-26.680183,F2,BD55-5245
BD55-5248,-8.16416,-38.744293,F1,BD55-5248
BD55-5250,-11.43881,-43.57117,F1,BD55-5250
BD55-5251,-38.858505,-15.744399,E3,BD55-5251
BD55-5256,16.698097,-32.968002,F2,BD55-5256
BD55-5259,15.133545,-13.283731,F3,BD55-5259
BD55-5263,-32.816174,-10.913755,E3,BD55-5263
BD55-5264,8.234646,-34.90252,F2,BD55-5264
BD55-5265,21.789392,-26.433306,F2,BD55-5265
BD55-5267,22.635988,-27.609268,F2,BD55-5267
BD55-5268,-27.202414,-15.65728,E3,BD55-5268
BD55-5271,-12.098301,-49.85094,F1,BD55-5271
BD55-5276,14.020198,-24.749548,F2,BD55-5276
BD55-5284,-9.538501,-49.698597,F1,BD55-5284
BD55-5286,-2.6803877,-7.732684,E1,BD55-5286
BD55-5293,-40.545105,-17.032618,E3,BD55-5293
BD55-5296,19.705446,-30.619505,F2,BD55-5296
BD55-5300,19.868666,-15.232191,F3,BD55-5300
BD55-5301,20.66206,-29.406197,F2,BD55-5301
BD55-5303,-3.5395482,-5.541695,E1,BD55-5303
BD55-5304,15.645021,-22.94812,F2,BD55-5304
BD55-5305,21.996721,-15.541785,F3,BD55-5305
BD55-5309,12.2145,-35.22216,F2,BD55-5309
BD55-5311,-10.058909,-41.922096,F1,BD55-5311
BD55-5313,0.57052624,-12.213984,E1,BD55-5313
BD55-5319,-0.9181414,-6.012982,E1,BD55-5319
BD55-5320,-24.330683,6.374331,E2.2,BD55-5320
BD55-5323,18.016289,-13.678326,F3,BD55-5323
BD55-5324,31.973518,31.865143,B,BD55-5324
BD55-5325,15.11753,-13.315392,F3,BD55-5325
BD55-5326,-13.197068,-45.8732,F1,BD55-5326
BD55-5333,11.392106,-27.054136,F2,BD55-5333
BD55-5339,0.84613436,-12.701976,F2,BD55-5339
BD55-5342,9.29111,-10.435844,F3,BD55-5342
BD55-5343,7.941624,-11.614882,F2,BD55-5343
BD55-5346,-10.13664,-40.107048,F1,BD55-5346
BD55-5354,19.928558,-13.202696,F3,BD55-5354
BD55-5358,1.618927,-35.43587,F1,BD55-5358
BD55-5359,-13.8512125,-49.328125,F1,BD55-5359
BD55-5361,-5.9012346,-45.524998,F1,BD55-5361
BD55-5365,15.925527,-13.523535,F3,BD55-5365
BD55-5379,-38.65812,-13.0339155,E3,BD55-5379
BD55-5380,18.98982,-25.123186,F2,BD55-5380
BD55-5382,-1.2877172,-6.001513,E1,BD55-5382
BD55-5384,21.619833,-26.935907,F2,BD55-5384
BD55-5386,-0.739456,-7.5133414,E1,BD55-5386
BD55-5387,13.047209,-33.2255,F2,BD55-5387
BD55-5389,-9.791924,-41.38456,F1,BD55-5389
BD55-5395,-8.4173975,-28.398596,F1,BD55-5395
BD55-5396,17.903786,-14.397891,F3,BD55-5396
BD55-5397,-4.1073275,-27.289585,F2,BD55-5397
BD55-5399,32.025658,32.388546,B,BD55-5399
BD55-5400,-14.870071,-46.5414,F1,BD55-5400
BD55-5402,-13.831553,-36.534252,F1,BD55-5402
BD55-5404,-7.9532094,-27.755798,F1,BD55-5404
BD55-5406,-8.25513,-29.012396,F1,BD55-5406
BD55-5408,19.964201,-18.11965,F3,BD55-5408
BD55-5411,-2.469298,-26.517883,F2,BD55-5411
BD55-5412,-0.65429175,-28.210081,F2,BD55-5412
BD55-5413,-31.436043,8.099668,E2.2,BD55-5413
BD55-5415,-5.6487885,-13.862072,E3,BD55-5415
BD55-5416,7.7795186,-28.69041,F2,BD55-5416
BD55-5417,-7.7211776,-34.46638,F1,BD55-5417
BD55-5418,-39.582188,-15.354011,E3,BD55-5418
BD55-5419,13.384268,-31.745193,F2,BD55-5419
BD55-5425,-9.574809,-48.309593,F1,BD55-5425
BD55-5427,20.76471,-27.8575,F2,BD55-5427
BD55-5431,15.193409,-22.430283,F2,BD55-5431
BD55-5432,15.922021,-26.219376,F2,BD55-5432
BD55-5435,-13.067243,-37.531155,F1,BD55-5435
BD55-5438,12.760276,-35.12964,F2,BD55-5438
BD55-5442,-2.701809,-45.4304,F1,BD55-5442
BD55-5448,17.693478,-15.571855,F3,BD55-5448
BD55-5449,-0.11187356,-7.3956122,E1,BD55-5449
BD55-5450,5.2914443,-32.752262,F2,BD55-5450
BD55-5453,-9.1294985,-41.48706,F1,BD55-5453
BD55-5454,-9.238504,-45.985153,F1,BD55-5454
BD55-5456,-7.2104645,-45.713898,F1,BD55-5456
BD55-5457,-8.640422,-28.373331,F1,BD55-5457
BD55-5459,15.075651,-13.085751,F3,BD55-5459
BD55-5462,7.182627,16.359407,D1,BD55-5462
BD55-5463,32.249035,32.147728,B,BD55-5463
BD55-5466,17.35192,-15.045664,F3,BD55-5466
BD55-5467,8.166029,-28.82367,F2,BD55-5467
BD55-5468,18.426336,-14.134334,F3,BD55-5468
BD55-547,-2.7957225,-27.03243,F2,BD55-547
BD55-5470,-29.259699,-8.374352,E3,BD55-5470
BD55-5471,-13.104178,-37.781837,F1,BD55-5471
BD55-5472,13.7612,-13.204017,F3,BD55-5472
BD55-5473,-1.8680015,-4.34475,E1,BD55-5473
BD55-5474,21.035019,-27.246159,F2,BD55-5474
BD55-5476,-10.496355,-42.644787,F1,BD55-5476
BD55-5477,-2.0703866,-7.1895423,E1,BD55-5477
BD55-5483,19.099503,-15.076764,F3,BD55-5483
BD55-5484,-2.940843,-7.8436437,E1,BD55-5484
BD55-5485,-40.63019,-16.151785,E3,BD55-5485
BD55-5486,11.455715,-26.597168,F2,BD55-5486
BD55-5493,-2.7834857,-26.201323,F2,BD55-5493
BD55-5495,-4.671939,-46.320805,F1,BD55-5495
BD55-5497,12.725461,-36.281048,F2,BD55-5497
BD55-5501,-2.3511653,-8.043934,E1,BD55-5501
BD55-5502,-10.869104,-41.69861,F1,BD55-5502
BD55-5505,14.509091,-34.206974,F2,BD55-5505
BD55-5512,6.5207896,-28.505896,F2,BD55-5512
BD55-5514,19.551939,-15.393086,F3,BD55-5514
BD55-5516,21.41625,-25.835903,F2,BD55-5516
BD55-5517,12.184975,-29.967037,F2,BD55-5517
BD55-5519,-12.6707325,-36.846024,F1,BD55-5519
BD55-5521,15.578188,-26.591242,F2,BD55-5521
BD55-5524,-25.718843,5.5336895,E2.2,BD55-5524
BD55-5526,19.96481,-19.030504,F3,BD55-5526
BD55-5530,32.21905,32.344955,B,BD55-5530
BD55-5537,19.66945,-30.402355,F2,BD55-5537
BD55-5540,-30.450117,0.288655,E2.2,BD55-5540
BD55-5542,8.423428,-10.3402605,E1,BD55-5542
BD55-5543,9.387076,-10.503201,F3,BD55-5543
BD55-5545,-40.780117,-18.298882,E3,BD55-5545
BD55-5549,-2.1073515,-5.13045,E1,BD55-5549
BD55-5550,-11.859358,-40.07182,F1,BD55-5550
BD55-5551,-30.288816,-9.135948,E3,BD55-5551
BD55-5555,-27.084948,-16.379208,F1,BD55-5555
BD55-5557,-0.7602197,-40.513287,F1,BD55-5557
BD55-5558,13.640579,-13.2036085,F3,BD55-5558
BD55-556,25.84289,40.881977,B,BD55-556
BD55-5564,15.267898,-22.25303,F2,BD55-5564
BD55-5565,-3.0729845,-6.171202,E1,BD55-5565
BD55-5566,7.180384,16.445621,D1,BD55-5566
BD55-5568,-8.51558,-27.995369,F1,BD55-5568
BD55-5569,-33.504677,-10.37123,E3,BD55-5569
BD55-557,-13.501351,-44.448498,F1,BD55-557
BD55-5575,-9.508806,-48.145493,F1,BD55-5575
BD55-5577,-13.075152,-47.42672,F1,BD55-5577
BD55-5579,-10.369573,-40.893196,F1,BD55-5579
BD55-5580,31.822891,31.419466,A,BD55-5580
BD55-5581,-29.836143,-9.276056,E3,BD55-5581
BD55-5583,7.5342283,-12.8752,E3,BD55-5583
BD55-5585,-1.5688417,-5.865335,E1,BD55-5585
BD55-5588,14.262373,-13.1881075,F3,BD55-5588
BD55-5589,-39.380596,-14.437342,E3,BD55-5589
BD55-5591,-1.3464749,-5.312054,E1,BD55-5591
BD55-5593,10.566057,-10.549916,F3,BD55-5593
BD55-5594,20.800905,-27.102783,F2,BD55-5594
BD55-5598,-25.283514,4.1183186,E2.2,BD55-5598
BD55-5609,-7.7936635,-27.620129,F1,BD55-5609
BD55-5610,11.51115,-33.06908,F2,BD55-5610
BD55-5612,-0.36369592,-6.5254865,E1,BD55-5612
BD55-5615,14.267071,-13.515991,F3,BD55-5615
BD55-5617,-26.099548,7.577647,E2.2,BD55-5617
BD55-5620,17.498505,-25.813828,F2,BD55-5620
BD55-5623,9.849333,-36.20559,F2,BD55-5623
BD55-5625,-31.989813,-5.2029457,E3,BD55-5625
BD55-5629,16.617163,-13.422582,F3,BD55-5629
BD55-5630,-40.331306,-14.873541,E3,BD55-5630
BD55-5634,10.350696,23.480751,C,BD55-5634
BD55-5636,-10.966597,-40.545998,F1,BD55-5636
BD55-5638,21.873518,-27.638252,F2,BD55-5638
BD55-5640,22.186892,-27.886105,F2,BD55-5640
BD55-5643,-1.3856709,-8.61208,E1,BD55-5643
BD55-5644,-2.1439006,-9.386762,E1,BD55-5644
BD55-5647,-2.3673508,-16.059956,D2,BD55-5647
BD55-5649,17.00477,-12.273339,F3,BD55-5649
BD55-5655,23.404959,37.949627,B,BD55-5655
BD55-5662,14.31198,-23.010452,F2,BD55-5662
BD55-5675,22.005472,-29.677147,F2,BD55-5675
BD55-5676,12.035045,-26.20989,F2,BD55-5676
BD55-5687,-41.36349,-17.024527,E3,BD55-5687
BD55-5690,18.766949,-24.754576,F2,BD55-5690
BD55-5694,9.774437,-35.852654,F2,BD55-5694
BD55-5697,-1.6825749,-4.779305,E1,BD55-5697
BD55-5699,21.02571,-29.265816,F2,BD55-5699
BD55-5700,20.305582,-28.97111,F2,BD55-5700
BD55-5713,19.134789,-13.914881,F3,BD55-5713
BD55-5715,14.464296,-13.680133,F3,BD55-5715
BD55-5718,-3.549578,-6.645018,E1,BD55-5718
BD55-5721,1.1346381,17.806973,D1,BD55-5721
BD55-5728,2.8674493,-7.6738467,E1,BD55-5728
BD55-5731,31.53111,31.851454,A,BD55-5731
BD55-5736,21.790627,-30.049185,F2,BD55-5736
BD55-5737,21.205948,-27.414572,F2,BD55-5737
BD55-5743,31.439104,31.74649,A,BD55-5743
BD55-5745,31.464222,31.933712,B,BD55-5745
BD55-5747,7.8383613,28.782593,C,BD55-5747
BD55-5752,-38.678326,-18.895664,E3,BD55-5752
BD55-5753,-41.23633,-16.199818,E3,BD55-5753
BD55-5761,14.20752,-13.903493,F3,BD55-5761
BD55-5770,-9.794726,-50.61714,F1,BD55-5770
BD55-5774,28.068266,40.833393,B,BD55-5774
BD55-5779,-0.6880272,-6.266852,E1,BD55-5779
BD55-5784,-13.940606,-38.23744,F1,BD55-5784
BD55-5785,-9.555884,-26.860533,F3,BD55-5785
BD55-5789,-24.898531,6.591304,E2.2,BD55-5789
BD55-5790,-12.880587,-39.51214,F1,BD55-5790
BD55-5792,14.891694,-21.430033,F2,BD55-5792
BD55-5794,-12.138894,-49.45805,F1,BD55-5794
BD55-5810,15.926588,-13.44104,F3,BD55-5810
BD55-5811,26.923618,34.943424,B,BD55-5811
BD55-5815,-7.912751,-44.951588,F1,BD55-5815
BD55-583,-27.29228,-15.657679,E3,BD55-583
BD55-5830,-30.223228,-8.136595,E3,BD55-5830
BD55-5831,17.469856,-24.371347,F2,BD55-5831
BD55-5832,-5.068152,-13.743051,E1,BD55-5832
BD55-5836,-1.3976636,19.876925,D1,BD55-5836
BD55-5839,14.134623,-33.843258,F2,BD55-5839
BD55-5840,-2.92678,-7.285744,E1,BD55-5840
BD55-5844,-26.066578,6.6892395,E2.2,BD55-5844
BD55-5847,-13.879234,-37.738373,F1,BD55-5847
BD55-5854,7.503626,27.43208,C,BD55-5854
BD55-5856,23.819052,13.752479,A,BD55-5856
BD55-5858,-31.918331,-5.60735,E3,BD55-5858
BD55-587,-7.523893,-35.918655,F1,BD55-587
BD55-5874,12.942228,-25.880026,F2,BD55-5874
BD55-5878,21.387602,-32.18724,F2,BD55-5878
BD55-5879,-0.82325274,-26.976845,F1,BD55-5879
BD55-5889,-13.2010765,-44.634594,F1,BD55-5889
BD55-5900,-8.179664,-40.61549,F1,BD55-5900
BD55-5906,15.112406,-13.608373,F3,BD55-5906
BD55-5909,-2.696891,22.153276,C,BD55-5909
BD55-5927,3.90841,-33.31347,F2,BD55-5927
BD55-593,-27.167833,-14.847943,E3,BD55-593
BD55-5961,-11.510983,-41.870483,F1,BD55-5961
BD55-5966,31.624136,24.04112,A,BD55-5966
BD55-599,-39.987846,-16.486507,E3,BD55-599
BD55-5992,-40.056374,-15.018491,E3,BD55-5992
BD55-600,26.222105,14.800766,A,BD55-600
BD55-6015,19.898195,-28.723627,F2,BD55-6015
BD55-6025,15.670792,-20.836884,F3,BD55-6025
BD55-603,-12.756421,-39.375244,F1,BD55-603
BD55-6030,12.654368,-36.58536,F2,BD55-6030
BD55-6033,21.594973,-29.753008,F2,BD55-6033
BD55-6034,-10.869426,-39.31334,F1,BD55-6034
BD55-6037,-11.516144,-48.86376,F1,BD55-6037
BD55-6038,-10.157331,-37.31183,F1,BD55-6038
BD55-6041,-39.61052,-14.211842,E3,BD55-6041
BD55-6055,-8.07049,-41.952496,F1,BD55-6055
BD55-6059,-8.991778,-28.091347,F1,BD55-6059
BD55-6062,-10.8746195,-41.841133,F1,BD55-6062
BD55-6063,13.807039,-24.951124,F2,BD55-6063
BD55-6066,13.528918,-31.932337,F2,BD55-6066
BD55-6068,19.900059,-25.855194,F2,BD55-6068
BD55-6069,20.17099,-19.086895,F3,BD55-6069
BD55-6075,-13.336498,-37.17622,F1,BD55-6075
BD55-6078,-28.310009,6.2985306,E2.2,BD55-6078
BD55-6080,20.472544,-29.29611,F2,BD55-6080
BD55-6086,15.402927,-22.290243,F2,BD55-6086
BD55-6088,18.355125,-26.60714,F2,BD55-6088
BD55-6092,19.488161,-30.698175,F2,BD55-6092
BD55-6095,11.043926,-34.237385,F2,BD55-6095
BD55-6103,11.94464,-34.93505,F2,BD55-6103
BD55-6105,17.371279,-22.718126,F2,BD55-6105
BD55-6112,17.789661,-14.229331,F3,BD55-6112
BD55-6190,13.6101465,-32.497387,F2,BD55-6190
BD55-6195,14.365816,-13.147841,F3,BD55-6195
BD55-6197,19.15882,-23.67276,F2,BD55-6197
BD55-62,-21.92909,10.1003685,E2.2,BD-692
BD55-6203,19.936115,-15.085335,F3,BD55-6203
BD55-6206,18.553267,-13.846841,F3,BD55-6206
BD55-6208,17.94132,-14.945794,F3,BD55-6208
BD55-6222,-8.946063,-27.944025,F1,BD55-6222
BD55-6231,21.081804,-28.034094,F2,BD55-6231
BD55-6234,-28.118284,-16.497297,E3,BD55-6234
BD55-6241,3.3738873,-6.641898,E1,BD55-6241
BD55-6243,7.3212433,-25.930716,F2,BD55-6243
BD55-6251,7.34438,-25.484844,F2,BD55-6251
BD55-6261,19.155012,-14.094018,F3,BD55-6261
BD55-6262,22.217747,-27.235756,F2,BD55-6262
BD55-6263,20.358564,-28.162897,F2,BD55-6263
BD55-6283,18.420288,-28.489185,F2,BD55-6283
BD55-63,27.837397,17.149197,A,BD-693
BD55-6305,18.514431,-28.108137,F2,BD55-6305
BD55-6306,19.28288,-26.832758,F2,BD55-6306
BD55-6308,17.609207,-23.82002,F2,BD55-6308
BD55-6317,9.631267,-34.523872,F2,BD55-6317
BD55-632,13.654681,-33.78259,F2,BD55-632
BD55-6329,18.983654,-14.653195,F3,BD55-6329
BD55-6340,15.691662,-15.762275,F3,BD55-6340
BD55-6346,-29.768665,-7.4362206,E3,BD55-6346
BD55-6379,18.252007,-23.635204,F2,BD55-6379
BD55-6382,21.745703,37.46442,B,BD55-6382
BD55-6383,30.714897,32.100185,B,BD55-6383
BD55-6385,3.1687236,17.31403,D1,BD55-6385
BD55-6392,-2.2938638,-27.4552,F2,BD55-6392
BD55-64,27.56518,16.650816,A,BD-694
BD55-6411,14.950292,-13.762161,F3,BD55-6411
BD55-6413,31.699549,22.044065,A,BD55-6413
BD55-6447,21.417404,-15.526808,F3,BD55-6447
BD55-6477,20.299118,-13.937263,F3,BD55-6477
BD55-6478,18.785099,-14.094488,F3,BD55-6478
BD55-6486,19.399221,-27.058245,F2,BD55-6486
BD55-65,-31.733665,-1.0407696,E2.2,BD-695
BD55-6507,20.138206,-29.291372,F2,BD55-6507
BD55-6510,20.28513,-29.141994,F2,BD55-6510
BD55-6511,-23.64153,8.506691,E2.2,BD55-6511
BD55-6520,13.994061,-13.637126,F3,BD55-6520
BD55-6527,20.00111,-15.174468,F3,BD55-6527
BD55-6552,20.797619,-14.545107,F3,BD55-6552
BD55-6564,19.68819,-28.376364,F2,BD55-6564
BD55-6585,-30.453915,-8.300292,E3,BD55-6585
BD55-659,13.354734,-34.99138,F2,BD55-659
BD55-6626,16.781275,-15.855875,F3,BD55-6626
BD55-6637,-23.107166,8.981567,E2.2,BD55-6637
BD55-6638,17.072317,-14.913776,F3,BD55-6638
BD55-6642,18.691547,-26.163216,F2,BD55-6642
BD55-6647,14.628884,-22.526932,F2,BD55-6647
BD55-6651,18.169693,-14.734815,F3,BD55-6651
BD55-676,8.799403,-31.12041,F2,BD55-676
BD55-688,10.1319,-31.998842,F2,BD55-688
BD55-711,13.612371,-33.36188,F2,BD55-711
BD55-72,9.935431,-32.148193,F2,BD-702
BD55-742,-13.352806,-38.656994,F1,BD55-742
BD55-745,-30.383514,-9.886347,E3,BD55-745
BD55-746,-14.078377,-47.72429,F1,BD55-746
BD55-747,9.898867,-31.478178,F2,BD55-747
BD55-749,-42.66582,-16.686098,E3,BD55-749
BD55-751,-24.925299,-16.039787,E3,BD55-751
BD55-78,-2.5481675,-39.71018,F1,BD-708
BD55-822,13.97731,-34.43257,F2,BD55-822
BD55-83,-22.203836,27.92878,E2.1,BD-713
BD55-85,26.809656,16.913103,A,BD-715
BD55-885,-2.2970243,-26.770649,F2,BD55-885
BD55-888,-6.245271,-43.68111,F1,BD55-888
BD55-925,-13.162124,-39.751472,F1,BD55-925
BD55-948,-2.4465802,-26.59153,F2,BD55-948
BD55-95,28.666777,19.80132,A,BD-725
BRII-198,-24.76514,22.599178,E2.1,BRII-198
C135_Bloom,-1.1489794,-2.3714166,E1,C135_Bloom
COV2-2050_Bloom,10.753285,28.601946,C,COV2-2050_Bloom
COV2-2082_Bloom,19.043316,-31.908604,F2,COV2-2082_Bloom
COV2-2094_Bloom,18.947634,-31.331818,F2,COV2-2094_Bloom
COV2-2096_Bloom,1.2376324,20.767584,D1,COV2-2096_Bloom
COV2-2165_Bloom,33.62449,20.817755,A,COV2-2165_Bloom
COV2-2832_Bloom,25.14288,39.73715,B,COV2-2832_Bloom
CR3022_Bloom,8.629231,-36.311188,F2,CR3022
HuR33,-1.5522468,-7.685007,E1,HuR33
OC220225-GC0003,31.671715,23.801125,A,BD57-3
OC220225-GC0005,7.317889,27.60552,C,BD57-5
OC220225-GC0006,25.89896,35.009754,B,BD57-6
OC220225-GC0009,36.046925,17.891552,A,BD57-9
OC220225-GC0010,3.8887799,24.715864,C,BD57-10
OC220225-GC0012,28.376528,39.55074,B,BD57-12
OC220225-GC0013,32.451244,20.259338,A,BD57-13
OC220225-GC0014,15.90522,-33.737644,F2,BD57-14
OC220225-GC0015,-0.86304504,13.166534,D1,BD57-15
OC220225-GC0017,6.785692,27.2056,C,BD57-17
OC220225-GC0018,32.525486,17.518944,A,BD57-18
OC220225-GC0019,12.410345,-34.00785,F2,BD57-19
OC220225-GC0020,0.9093778,17.599722,D1,BD57-20
OC220225-GC0021,32.60043,19.149872,A,BD57-21
OC220225-GC0022,26.523659,35.597237,B,BD57-22
OC220225-GC0023,9.828449,3.2429152,D2,BD57-23
OC220225-GC0024,30.19897,22.099531,A,BD57-24
OC220225-GC0025,32.601585,15.55106,A,BD57-25
OC220225-GC0026,-18.85165,23.924232,E2.1,BD57-26
OC220225-GC0027,31.971014,20.135881,A,BD57-27
OC220225-GC0028,9.233012,4.0935206,D2,BD57-28
OC220225-GC0029,31.84776,14.633033,A,BD57-29
OC220225-GC0030,-22.360357,28.601463,E2.1,BD57-30
OC220225-GC0031,27.65344,36.41158,B,BD57-31
OC220225-GC0032,14.9704275,-23.432924,F2,BD57-32
OC220225-GC0033,28.439034,20.562956,A,BD57-33
OC220225-GC0034,-22.268322,31.134853,E2.1,BD57-34
OC220225-GC0035,-4.1281605,14.597211,D1,BD57-35
OC220225-GC0037,-1.1647791,-7.955782,E1,BD57-37
OC220225-GC0038,26.777542,36.0135,B,BD57-38
OC220225-GC0041,-22.73857,27.867403,E2.1,BD57-41
OC220225-GC0042,1.1617587,14.897236,D1,BD57-42
OC220225-GC0043,6.4587955,26.92981,C,BD57-43
OC220225-GC0045,7.845821,0.38199627,D2,BD57-45
OC220225-GC0046,-1.9649338,21.317825,D1,BD57-46
OC220225-GC0047,6.5655875,27.275188,C,BD57-47
OC220225-GC0049,28.458553,39.46928,B,BD57-49
OC220225-GC0051,-18.391771,22.59082,E2.1,BD57-51
OC220225-GC0052,-21.00584,24.456797,E2.1,BD57-52
OC220225-GC0053,-22.488314,30.572739,E2.1,BD57-53
OC220225-GC0054,0.61949605,21.805847,C,BD57-54
OC220225-GC0056,27.510891,43.237137,B,BD57-56
OC220225-GC0057,-10.186797,-42.152348,F1,BD57-57
OC220225-GC0058,-2.1637006,-3.3959725,E1,BD57-58
OC220225-GC0059,-6.643587,13.797769,E1,BD57-59
OC220225-GC0060,-21.710453,20.071882,E2.1,BD57-60
OC220225-GC0062,28.394232,40.536728,B,BD57-62
OC220225-GC0064,-10.121641,-36.011204,F1,BD57-64
OC220225-GC0065,-21.669579,20.102085,E2.1,BD57-65
OC220225-GC0067,1.7924562,18.056824,D1,BD57-67
OC220225-GC0068,-21.653723,29.388136,E2.1,BD57-68
OC220225-GC0069,-1.2382323,20.217955,D1,BD57-69
OC220225-GC0070,-1.9914552,19.203238,D1,BD57-70
OC220225-GC0073,-0.3667119,15.990856,D1,BD57-73
OC220225-GC0074,-9.429122,-48.543655,F1,BD57-74
OC220225-GC0075,-8.285461,-37.8426,F1,BD57-75
OC220225-GC0077,-2.8415434,21.91707,C,BD57-77
OC220225-GC0078,-23.545664,28.12839,E2.1,BD57-78
OC220225-GC0079,28.842176,39.224052,B,BD57-79
OC220225-GC0082,9.479841,4.972628,D2,BD57-82
OC220225-GC0083,-7.0143723,-41.286026,F1,BD57-83
OC220225-GC0085,-0.028873224,15.077967,D1,BD57-85
OC220225-GC0087,-27.057285,11.520114,E2.2,BD57-87
OC220225-GC0088,-8.778622,-38.005936,F1,BD57-88
OC220225-GC0089,1.7721452,17.433315,D1,BD57-89
OC220225-GC0090,-10.320107,-35.708855,F1,BD57-90
OC220225-GC0091,-11.926999,-37.867832,F1,BD57-91
OC220225-GC0092,-7.087888,-44.266132,F1,BD57-92
OC220225-GC0096,-24.420372,9.610543,E2.2,BD57-96
OC220225-GC0097,-7.191657,-47.34478,F1,BD57-97
OC220225-GC0099,-21.292784,28.948315,E2.1,BD57-99
OC220225-GC0100,-23.643473,9.482627,E2.2,BD57-100
OC220225-SN0003,20.49867,37.0479,B,BD56-3
OC220225-SN0005,29.804598,36.345367,B,BD56-5
OC220225-SN0006,38.502655,18.295301,A,BD56-6
OC220225-SN0007,-21.225874,32.14686,E2.1,BD56-7
OC220225-SN0008,20.977335,-13.321968,F3,BD56-8
OC220225-SN0010,-0.8869579,12.662367,D1,BD56-10
OC220225-SN0012,-0.73796743,11.611343,D1,BD56-12
OC220225-SN0014,-18.587193,27.84206,E2.1,BD56-14
OC220225-SN0015,35.155373,18.772503,A,BD56-15
OC220225-SN0019,15.241077,-34.06612,F2,BD56-19
OC220225-SN0021,7.6513968,0.29573396,D2,BD56-21
OC220225-SN0022,3.0173805,14.112701,D1,BD56-22
OC220225-SN0023,38.19413,16.472862,A,BD56-23
OC220225-SN0025,-22.032715,30.661499,E2.1,BD56-25
OC220225-SN0027,-1.975573,13.440304,D1,BD56-27
OC220225-SN0028,-0.14607318,14.3782015,D1,BD56-28
OC220225-SN0030,6.80261,-32.128075,F2,BD56-30
OC220225-SN0031,-3.1335595,14.797368,D1,BD56-31
OC220225-SN0032,-2.058239,17.87815,D1,BD56-32
OC220225-SN0033,-6.7616725,-44.043636,F1,BD56-33
OC220225-SN0037,12.708806,-34.00983,F2,BD56-37
OC220225-SN0038,-1.8243806,-26.442272,F2,BD56-38
OC220225-SN0039,-8.923896,-28.387278,F1,BD56-39
OC220225-SN0040,-2.9143553,-3.4676778,E1,BD56-40
OC220225-SN0041,-8.853833,-28.005108,F1,BD56-41
OC220225-SN0042,9.876752,-33.438366,F2,BD56-42
OC220225-SN0044,38.44292,19.061543,A,BD56-44
OC220225-SN0045,-20.863998,31.60356,E2.1,BD56-45
OC220225-SN0046,7.607821,-31.553476,F2,BD56-46
OC220225-SN0048,-21.78427,31.328074,E2.1,BD56-48
OC220225-SN0049,25.527088,41.52235,B,BD56-49
OC220225-SN0051,-1.4083903,18.226871,D1,BD56-51
OC220225-SN0052,-6.604215,-39.17728,F1,BD56-52
OC220225-SN0054,-22.790808,28.522417,E2.1,BD56-54
OC220225-SN0055,-20.984211,30.795853,E2.1,BD56-55
OC220225-SN0056,-0.7604655,-40.52334,F1,BD56-56
OC220225-SN0057,-5.4886913,-45.00507,F1,BD56-57
OC220225-SN0058,-23.124605,31.621479,E2.1,BD56-58
OC220225-SN0059,6.3651233,27.695002,C,BD56-59
OC220225-SN0061,-2.478668,18.613405,D1,BD56-61
OC220225-SN0063,-4.939852,-41.42753,F1,BD56-63
OC220225-SN0064,-19.637125,27.188389,E2.1,BD56-64
OC220225-SN0065,-20.46813,31.379486,E2.1,BD56-65
OC220225-SN0066,-21.598259,32.584045,E2.1,BD56-66
OC220225-SN0067,-2.314003,18.83254,D1,BD56-67
OC220225-SN0068,-18.712423,23.15082,E2.1,BD56-68
OC220225-SN0069,-21.384207,30.95553,E2.1,BD56-69
OC220225-SN0070,-21.607492,31.553143,E2.1,BD56-70
OC220225-SN0071,-2.6667783,-6.084948,E1,BD56-71
OC220225-SN0073,-2.715667,-42.28695,F1,BD56-73
OC220225-SN0074,-20.780624,31.951328,E2.1,BD56-74
OC220225-SN0075,-6.464064,-41.12962,F1,BD56-75
OC220225-SN0076,-1.3864645,13.930095,D1,BD56-76
OC220225-SN0077,-5.7975717,14.392298,D1,BD56-77
OC220225-SN0078,-1.8095541,19.605822,D1,BD56-78
OC220225-SN0079,-22.599527,31.736681,E2.1,BD56-79
OC220225-SN0080,-26.70493,11.379422,E2.2,BD56-80
OC220225-SN0081,-10.728556,-49.43785,F1,BD56-81
OC220225-SN0082,-13.9013195,-45.29452,F1,BD56-82
OC220225-SN0083,-36.68133,12.727528,E2.2,BD56-83
OC220225-SN0085,-2.6059332,-3.7481205,E1,BD56-85
OC220225-SN0086,-9.062025,-41.59083,F1,BD56-86
OC220225-SN0087,-21.85312,32.1224,E2.1,BD56-87
OC220225-SN0088,-13.377878,-48.867626,F1,BD56-88
OC220225-SN0089,-26.742598,11.055769,E2.2,BD56-89
OC220225-SN0090,-21.875893,28.327831,E2.1,BD56-90
OC220225-SN0091,20.348625,-14.60515,F3,BD56-91
OC220225-SN0092,-24.460833,14.309337,E2.2,BD56-92
OC220225-SN0096,-23.577374,8.8510275,E2.2,BD56-96
OC220225-SN0097,-7.275512,-47.855022,F1,BD56-97
OC220225-SN0098,5.409631,14.146286,D1,BD56-98
OC220225-SN0099,-2.03664,17.909,D1,BD56-99
OC220225-SN0100,-33.269676,10.380613,E2.2,BD56-100
OC220225-SN0102,-0.55942506,-40.304478,F1,BD56-102
OC220225-SN0103,-9.004218,-51.064503,F1,BD56-103
OC220225-SN0104,-23.418129,9.095737,E2.2,BD56-104
OC220225-SN0105,-9.915276,-50.69027,F1,BD56-105
OC220225-SN0106,-36.600693,12.689694,E2.2,BD56-106
OC220225-SN0108,-2.91787,22.613169,D1,BD56-108
OC220225-SN0109,-8.695458,-49.77291,F1,BD56-109
OC220225-SN0110,-8.058052,-48.798847,F1,BD56-110
OC220225-SN0111,-8.11668,-50.19386,F1,BD56-111
OC220225-SN0112,-21.541311,24.952757,E2.1,BD56-112
OC220225-SN0113,-27.166212,11.552713,E2.2,BD56-113
OC220225-SN0114,-32.47663,8.951081,E2.2,BD56-114
OC220225-SN0115,-24.16849,13.972283,E2.2,BD56-115
OC220225-SN0116,-5.8192244,-43.96291,F1,BD56-116
OC220225-SN0117,-8.202666,-47.784344,F1,BD56-117
OC220225-SN0118,-21.255854,25.351694,E2.1,BD56-118
OC220225-SN0119,-33.067783,10.204782,E2.2,BD56-119
OC220225-SN0120,-8.78984,-36.974907,F1,BD56-120
OC220225-SN0121,-31.732431,5.250452,E2.2,BD56-121
OC220225-SN0122,-32.940582,-10.399852,E3,BD56-122
OC220225-SN0124,-21.81207,13.741606,E2.2,BD56-124
OC220225-SN0125,-34.332294,8.614584,E2.2,BD56-125
OC220225-SN0126,-12.400577,-49.591057,F1,BD56-126
OC220225-SN0127,-35.740814,12.269658,E2.2,BD56-127
OC220225-SN0128,-35.382248,12.766982,E2.2,BD56-128
OC220225-SN0129,-23.605522,8.962372,E2.2,BD56-129
OC220225-SN0130,-8.281612,-37.92992,F1,BD56-130
OC220225-SN0131,-40.98336,-15.406427,E3,BD56-131
OC220225-SN0132,1.530466,16.601234,D1,BD56-132
OC220225-SN0134,-30.682098,-6.283648,E3,BD56-134
OC220225-SN0136,-30.880894,10.671298,E2.2,BD56-136
OC220225-SN0137,-37.010994,10.758116,E2.2,BD56-137
OC220225-SN0138,-34.830517,12.000304,E2.2,BD56-138
OC220225-SN0139,-10.203184,-50.317375,F1,BD56-139
OC220225-SN0140,-24.474773,8.647781,E2.2,BD56-140
OC220225-SN0142,-5.9407196,-44.97116,F1,BD56-142
OC220225-SN0143,-34.4393,5.982054,E2.2,BD56-143
OC220225-SN0144,-33.60271,-0.44277647,E2.2,BD56-144
OC220225-SN0145,-28.079834,-15.318638,E3,BD56-145
OC220225-SN0146,-20.844303,32.397644,E2.1,BD56-146
OC220225-SN0147,19.371984,37.322277,B,BD56-147
OC220225-SN0148,-31.441944,8.564456,E2.2,BD56-148
OC220225-SN0149,-36.34701,10.893196,E2.2,BD56-149
OC220225-SN0150,-30.21807,6.461723,E2.2,BD56-150
OC220225-SN0151,-34.676674,10.038498,E2.2,BD56-151
OC220225-SN0152,-21.721304,30.72308,E2.1,BD56-152
OC220225-SN0153,-23.552494,5.521271,E2.2,BD56-153
OC220225-SN0154,-40.08741,-17.112406,E3,BD56-154
OC220225-SN0155,-31.844969,2.6397433,E2.2,BD56-155
OC220225-SN0157,-27.72089,3.0228746,E2.2,BD56-157
OC220225-SN0158,-32.749268,0.88076895,E2.2,BD56-158
OC220225-SN0159,-33.242382,-0.5134655,E2.2,BD56-159
OC220225-SN0160,-41.75972,-16.633776,E3,BD56-160
OC220225-SN0161,-34.010212,7.0758586,E2.2,BD56-161
OC220225-SN0163,-30.828997,6.877823,E2.2,BD56-163
OC220225-SN0164,-28.382816,-11.538506,E3,BD56-164
OC220225-SN0165,-35.54457,10.867443,E2.2,BD56-165
OC220225-SN0166,-35.093575,11.221061,E2.2,BD56-166
OC220225-SN0167,-35.699802,12.269441,E2.2,BD56-167
OC220225-SN0168,-25.42098,6.729633,E2.2,BD56-168
OC220225-SN0170,-31.029627,5.9663973,E2.2,BD56-170
OC220225-SN0171,-40.80742,-16.782978,E3,BD56-171
OC220225-SN0172,-32.038025,-0.7520289,E2.2,BD56-172
OC220225-SN0173,-26.70076,-14.87007,E3,BD56-173
OC220225-SN0174,-25.59946,-15.796309,E3,BD56-174
OC220225-SN0175,-37.66189,-16.810463,E3,BD56-175
OC220225-SN0177,-33.88254,5.3774157,E2.2,BD56-177
OC220225-SN0178,-41.855522,-16.47384,E3,BD56-178
OC220225-SN0179,-34.539158,0.3475329,E2.2,BD56-179
OC220225-SN0180,-31.954174,-2.5519462,E3,BD56-180
OC220225-SN0181,-25.823572,21.806368,E2.2,BD56-181
OC220225-SN0182,-33.476112,1.9412242,E2.2,BD56-182
OC220225-SN0183,-33.108257,-3.7878976,E3,BD56-183
OC220225-SN0184,-33.319324,-8.741319,E3,BD56-184
OC220225-SN0185,-32.723705,-10.055477,E3,BD56-185
OC220225-SN0186,-25.938019,6.56947,E2.2,BD56-186
OC220225-SN0187,19.336874,37.256428,B,BD56-187
OC220225-SN0188,-30.968977,-10.557291,E3,BD56-188
OC220225-SN0189,-35.2949,10.93699,E2.2,BD56-189
OC220225-SN0190,-33.5626,-1.4148877,E2.2,BD56-190
OC220225-SN0191,-32.13295,-4.6455665,E3,BD56-191
OC220225-SN0193,-41.568764,-18.15903,E3,BD56-193
OC220225-SN0194,-26.242874,-14.24108,E3,BD56-194
OC220225-SN0195,-32.500378,-10.071568,E3,BD56-195
OC220225-SN0196,-32.766487,-1.896239,E2.2,BD56-196
OC220225-SN0197,-32.110195,3.708386,E2.2,BD56-197
OC220225-SN0198,-31.556223,-3.283098,E3,BD56-198
OC220225-SN0199,-40.04361,-14.47205,E3,BD56-199
OC220225-SN0200,-33.34545,-3.0866702,E2.2,BD56-200
OC220225-SN0201,-33.326897,-2.9385085,E3,BD56-201
OC220225-SN0202,-34.645805,11.082114,E2.2,BD56-202
OC220225-SN0203,-26.198372,6.205105,E2.2,BD56-203
OC220225-SN0204,-32.227127,-4.742606,E3,BD56-204
OC220225-SN0205,-32.359394,8.2324915,E2.2,BD56-205
OC220225-SN0207,-34.323772,-8.852283,E3,BD56-207
OC220225-SN0208,-31.207767,-10.346826,E3,BD56-208
OC220225-SN0210,-30.112446,-10.047481,E3,BD56-210
OC220225-SN0211,-34.306347,-2.0451396,E2.2,BD56-211
OC220225-SN0212,-41.30793,-17.538147,E3,BD56-212
OC220225-SN0213,-39.7998,-18.784523,E3,BD56-213
OC220225-SN0215,-32.441837,7.109475,E2.2,BD56-215
OC220225-SN0216,-33.669525,5.988965,E2.2,BD56-216
OC220225-SN0217,-31.761555,2.250867,E2.2,BD56-217
OC220225-SN0218,-24.50354,8.107493,E2.2,BD56-218
OC220225-SN0219,-34.471916,9.648614,E2.2,BD56-219
OC220225-SN0220,-40.539536,-20.06035,E3,BD56-220
OC220225-SN0221,-25.156548,-16.203598,E3,BD56-221
OC220225-SN0222,-31.457367,-8.509989,E3,BD56-222
OC220225-SN0223,-29.288671,-8.127965,E3,BD56-223
OC220225-SN0224,-29.152357,-8.107109,E3,BD56-224
OC220225-SN0229,39.154003,20.701727,A,BD56-229
OC220225-SN0232,35.42027,19.10191,A,BD56-232
OC220225-SN0233,7.6995053,26.411087,C,BD56-233
OC220225-SN0234,33.902733,17.920712,A,BD56-234
OC220225-SN0260,-29.320267,-9.582201,E3,BD56-260
OC220225-SN0261,-26.005198,6.777796,E2.2,BD56-261
OC220225-SN0263,-38.24115,-16.806267,E3,BD56-263
OC220225-SN0264,-29.05482,-8.217454,E3,BD56-264
OC220225-SN0265,19.113798,37.194366,B,BD56-265
OC220225-SN0322,-33.192165,-0.46739164,E2.2,BD56-322
OC220225-SN0326,-29.818579,-10.644977,E3,BD56-326
OC220225-SN0330,-35.832394,-19.940298,E3,BD56-330
OC220225-SN0331,-31.497738,-2.788215,E3,BD56-331
OC220225-SN0332,-28.82991,-7.9295278,E3,BD56-332
OC220225-SN0333,-29.036045,-8.862216,E3,BD56-333
OC220225-SN0395,-8.78243,-32.679005,F1,BD56-395
OC220225-SN0400,31.561043,18.281918,A,BD56-400
OC220302-SN0410,-26.523232,15.061792,E2.2,BD56-410
OC220302-SN0411,38.851967,20.720018,A,BD56-411
OC220302-SN0412,33.16047,17.155754,A,BD56-412
OC220302-SN0416,24.083324,39.16588,B,BD56-416
OC220302-SN0418,26.172905,40.430656,B,BD56-418
OC220302-SN0419,10.001593,3.685195,D2,BD56-419
OC220302-SN0420,-26.57792,15.127026,E2.2,BD56-420
OC220302-SN0423,29.68297,17.549377,A,BD56-423
OC220302-SN0424,25.83346,39.93297,B,BD56-424
OC220302-SN0425,38.184536,23.624043,A,BD56-425
OC220302-SN0426,25.04927,40.980442,B,BD56-426
OC220302-SN0429,39.026314,20.166433,A,BD56-429
OC220302-SN0430,-1.0555854,13.214899,D1,BD56-430
OC220302-SN0431,23.094309,39.661213,B,BD56-431
OC220302-SN0432,-0.3583185,22.36537,C,BD56-432
OC220302-SN0433,3.1051414,23.63148,C,BD56-433
OC220302-SN0436,-1.8130229,13.053111,D1,BD56-436
OC220302-SN0438,-1.6314003,12.932871,D1,BD56-438
OC220302-SN0439,38.578926,20.454855,A,BD56-439
OC220302-SN0441,26.998281,39.406498,B,BD56-441
OC220302-SN0442,-21.741745,31.701414,E2.1,BD56-442
OC220302-SN0443,-1.4311452,15.903138,D1,BD56-443
OC220302-SN0444,-21.419651,32.761772,E2.1,BD56-444
OC220302-SN0445,-0.74764913,13.305172,D1,BD56-445
OC220302-SN0446,29.098707,20.556862,A,BD56-446
OC220302-SN0447,28.723154,41.41859,B,BD56-447
OC220302-SN0448,38.967247,17.76362,A,BD56-448
OC220302-SN0451,-21.085203,32.32704,E2.1,BD56-451
OC220302-SN0454,-0.0057401396,13.619469,D1,BD56-454
OC220302-SN0455,-22.800024,31.624863,E2.1,BD56-455
OC220302-SN0456,0.047664735,21.451307,D1,BD56-456
OC220302-SN0457,25.846586,41.011513,B,BD56-457
OC220302-SN0458,11.038921,5.215441,D2,BD56-458
OC220302-SN0460,39.063175,19.583607,A,BD56-460
OC220302-SN0461,-21.18345,23.868572,E2.1,BD56-461
OC220302-SN0464,-0.43412864,14.104048,D1,BD56-464
OC220302-SN0467,-1.9485328,13.416708,D1,BD56-467
OC220302-SN0468,-0.20976163,12.399945,D1,BD56-468
OC220302-SN0469,-2.875328,-26.22516,F2,BD56-469
OC220302-SN0470,21.794537,37.641674,B,BD56-470
OC220302-SN0471,27.679264,39.037785,B,BD56-471
OC220302-SN0472,23.650232,38.155674,B,BD56-472
OC220302-SN0474,23.426434,39.123024,B,BD56-474
OC220302-SN0475,-16.640215,25.45423,E2.1,BD56-475
OC220302-SN0476,-23.798258,27.140211,E2.1,BD56-476
OC220302-SN0477,-3.819586,22.79478,C,BD56-477
OC220302-SN0480,-3.8481634,22.863897,C,BD56-480
OC220302-SN0482,-1.5938412,12.819685,D1,BD56-482
OC220302-SN0483,25.32868,40.643593,B,BD56-483
OC220302-SN0484,-20.820719,28.44195,E2.1,BD56-484
OC220302-SN0485,10.048597,-27.837894,F2,BD56-485
OC220302-SN0486,-18.295557,22.161959,E2.1,BD56-486
OC220302-SN0487,-21.44935,31.04939,E2.1,BD56-487
OC220302-SN0488,-22.351524,31.870985,E2.1,BD56-488
OC220302-SN0489,27.471973,38.499912,B,BD56-489
OC220302-SN0490,12.233343,4.580541,D2,BD56-490
OC220302-SN0491,0.9725191,18.395277,D1,BD56-491
OC220302-SN0492,4.1388826,-33.103416,F2,BD56-492
OC220302-SN0493,9.642561,30.642647,C,BD56-493
OC220302-SN0494,-13.561879,-49.09465,F1,BD56-494
OC220302-SN0499,26.793884,40.271603,B,BD56-499
OC220302-SN0500,-3.7158277,13.386811,D1,BD56-500
OC220302-SN0501,-8.410592,-49.038826,F1,BD56-501
OC220302-SN0502,-19.710728,27.623001,E2.1,BD56-502
OC220302-SN0503,-10.386559,-49.715378,F1,BD56-503
OC220302-SN0504,-22.244772,32.08834,E2.1,BD56-504
OC220302-SN0505,0.6487656,14.080499,D1,BD56-505
OC220302-SN0506,22.891006,39.46148,B,BD56-506
OC220302-SN0508,28.778187,37.518383,B,BD56-508
OC220302-SN0509,11.929882,3.399951,D2,BD56-509
OC220302-SN0510,23.645325,40.07496,B,BD56-510
OC220302-SN0511,-9.0306425,-51.333317,F1,BD56-511
OC220302-SN0514,-30.007748,13.233471,E2.2,BD56-514
OC220302-SN0516,-4.6688075,23.91845,C,BD56-516
OC220302-SN0517,39.42063,20.309418,A,BD56-517
OC220302-SN0518,-4.730292,23.859274,C,BD56-518
OC220302-SN0519,26.189276,40.123142,B,BD56-519
OC220302-SN0520,-4.7006803,23.447327,C,BD56-520
OC220302-SN0522,-9.205179,-39.780632,F1,BD56-522
OC220302-SN0523,-8.456736,-36.087475,F1,BD56-523
OC220302-SN0524,10.674618,1.6736976,D2,BD56-524
OC220302-SN0526,-5.854166,-47.062656,F1,BD56-526
OC220302-SN0527,3.6015,-32.84885,F2,BD56-527
OC220302-SN0528,-22.729902,16.819769,E2.1,BD56-528
OC220302-SN0529,-4.885742,-41.39957,F1,BD56-529
OC220302-SN0530,-12.942877,-48.544357,F1,BD56-530
OC220302-SN0531,-2.3486073,-5.3537703,E1,BD56-531
OC220302-SN0532,26.037096,41.318172,B,BD56-532
OC220302-SN0533,-7.1904793,-49.10802,F1,BD56-533
OC220302-SN0534,-1.300475,14.142836,D1,BD56-534
OC220302-SN0535,11.30064,4.6239843,D2,BD56-535
OC220302-SN0536,-30.201052,13.165164,E2.2,BD56-536
OC220302-SN0537,-21.494318,29.979898,E2.1,BD56-537
OC220302-SN0538,-1.5710185,-3.892686,E1,BD56-538
OC220302-SN0539,-23.421043,8.023777,E2.2,BD56-539
OC220302-SN0540,-2.4628472,-45.384453,F1,BD56-540
OC220302-SN0541,0.7308552,17.30334,D1,BD56-541
OC220302-SN0542,-23.426088,9.04427,E2.2,BD56-542
OC220302-SN0543,-4.200869,-42.51033,F1,BD56-543
OC220302-SN0544,-13.020561,-49.39298,F1,BD56-544
OC220302-SN0545,-37.087315,11.064939,E2.2,BD56-545
OC220302-SN0546,-24.309555,14.599866,E2.2,BD56-546
OC220302-SN0547,-7.781759,-42.35108,F1,BD56-547
OC220302-SN0548,-10.939584,-50.29211,F1,BD56-548
OC220302-SN0549,-7.447702,-48.9706,F1,BD56-549
OC220302-SN0551,-23.387346,25.021122,E2.1,BD56-551
OC220302-SN0553,-6.5039763,-40.365196,F1,BD56-553
OC220302-SN0554,11.187966,5.193211,D2,BD56-554
OC220302-SN0556,27.042639,37.33668,B,BD56-556
OC220302-SN0557,-10.863039,-50.305737,F1,BD56-557
OC220302-SN0558,-4.910941,14.796704,D1,BD56-558
OC220302-SN0560,-22.107592,28.262032,E2.1,BD56-560
OC220302-SN0561,-26.527346,22.636204,E2.1,BD56-561
OC220302-SN0564,30.319292,35.261982,B,BD56-564
OC220302-SN0565,-7.3149433,-36.625717,F1,BD56-565
OC220302-SN0566,-5.368538,14.512704,D1,BD56-566
OC220302-SN0567,2.4859653,-33.777122,F1,BD56-567
OC220302-SN0568,-7.9887633,-37.015347,F1,BD56-568
OC220302-SN0569,-8.059489,-48.49634,F1,BD56-569
OC220302-SN0570,-24.274643,29.786615,E2.1,BD56-570
OC220302-SN0571,-11.277357,-35.789974,F1,BD56-571
OC220302-SN0572,-22.093529,30.872046,E2.1,BD56-572
OC220302-SN0573,-8.670638,-36.495308,F1,BD56-573
OC220302-SN0574,-21.195158,27.887714,E2.1,BD56-574
OC220302-SN0576,-4.48121,-41.946575,F1,BD56-576
OC220302-SN0577,-30.833391,-1.7472963,E2.2,BD56-577
OC220302-SN0579,7.461716,0.18981439,D2,BD56-579
OC220302-SN0580,-9.009548,-41.026684,F1,BD56-580
OC220302-SN0583,-4.318077,-43.965927,F1,BD56-583
OC220302-SN0584,-22.655363,8.869316,E2.2,BD56-584
OC220302-SN0585,10.886484,3.6087964,D2,BD56-585
OC220302-SN0587,-17.72834,22.693645,E2.1,BD56-587
OC220302-SN0588,-5.0983686,-42.47469,F1,BD56-588
OC220302-SN0589,28.96608,40.266785,B,BD56-589
OC220302-SN0590,-8.066741,-41.14537,F1,BD56-590
OC220302-SN0591,-6.6940336,-37.98379,F1,BD56-591
OC220302-SN0592,-25.567522,21.690468,E2.2,BD56-592
OC220302-SN0593,27.271221,40.084324,B,BD56-593
OC220302-SN0594,-12.115662,-47.96002,F1,BD56-594
OC220302-SN0595,10.324261,4.040383,D2,BD56-595
OC220302-SN0596,-22.730156,24.969822,E2.1,BD56-596
OC220302-SN0597,-24.515156,8.744527,E2.2,BD56-597
OC220302-SN0598,3.7651505,-33.49765,F1,BD56-598
OC220302-SN0599,-13.626246,-49.405,F1,BD56-599
OC220302-SN0600,-6.188875,-46.08611,F1,BD56-600
OC220302-SN0601,-4.825779,-46.239315,F1,BD56-601
OC220302-SN0602,-11.066491,-35.34021,F1,BD56-602
OC220302-SN0604,-12.824148,-49.3232,F1,BD56-604
OC220302-SN0605,-2.7948854,21.463057,D1,BD56-605
OC220302-SN0606,25.57121,40.90026,B,BD56-606
OC220302-SN0607,-7.099811,-42.725292,F1,BD56-607
OC220302-SN0608,-0.12497721,17.788992,D1,BD56-608
OC220302-SN0609,-10.299198,-50.603333,F1,BD56-609
OC220302-SN0610,-26.9527,11.409436,E2.2,BD56-610
OC220302-SN0612,-30.866146,9.066816,E2.2,BD56-612
OC220302-SN0614,-12.407583,-49.71715,F1,BD56-614
OC220302-SN0615,-2.9882333,-4.311703,E1,BD56-615
OC220302-SN0616,-5.137203,23.63304,C,BD56-616
OC220302-SN0618,-18.364235,21.92904,E2.2,BD56-618
OC220302-SN0619,33.1336,15.310924,A,BD56-619
OC220302-SN0620,-9.235756,-37.71736,F1,BD56-620
OC220302-SN0621,36.938126,17.001722,A,BD56-621
OC220302-SN0622,-23.469065,8.583269,E2.2,BD56-622
OC220302-SN0623,-21.031725,24.949854,E2.1,BD56-623
OC220302-SN0624,-26.616503,11.471044,E2.2,BD56-624
OC220302-SN0625,-26.435486,11.083425,E2.2,BD56-625
OC220302-SN0626,-21.589314,25.970245,E2.1,BD56-626
OC220302-SN0627,-5.2503486,-46.48115,F1,BD56-627
OC220302-SN0628,-41.497272,-18.15745,E3,BD56-628
OC220302-SN0632,-22.75413,26.511627,E2.1,BD56-632
OC220302-SN0633,-26.276123,11.691283,E2.2,BD56-633
OC220302-SN0634,-4.488536,23.843632,C,BD56-634
OC220302-SN0637,-8.117745,-36.5874,F1,BD56-637
OC220302-SN0638,-21.320063,25.40724,E2.1,BD56-638
OC220302-SN0639,-6.366975,-43.989685,F1,BD56-639
OC220302-SN0640,-32.55557,8.98124,E2.2,BD56-640
OC220302-SN0642,-30.933792,9.091142,E2.2,BD56-642
OC220302-SN0643,-6.2444506,-47.22004,F1,BD56-643
OC220302-SN0644,-32.255833,9.268387,E2.2,BD56-644
OC220302-SN0646,-1.9156379,-4.738284,E1,BD56-646
OC220302-SN0647,-19.820091,25.054523,E2.1,BD56-647
OC220302-SN0648,-8.198661,-27.486364,F1,BD56-648
OC220302-SN0649,-21.567762,25.923113,E2.1,BD56-649
OC220302-SN0652,-6.210663,-47.200657,F1,BD56-652
OC220302-SN0653,-33.01143,11.035817,E2.2,BD56-653
OC220302-SN0656,-34.40723,11.455678,E2.2,BD56-656
OC220302-SN0657,28.220078,40.683777,B,BD56-657
OC220302-SN0658,-30.923044,10.357005,E2.2,BD56-658
OC220302-SN0660,10.627633,5.1647997,D2,BD56-660
OC220302-SN0663,-34.063156,7.704223,E2.2,BD56-663
OC220302-SN0664,-32.3904,7.2405853,E2.2,BD56-664
OC220302-SN0665,-33.534325,-1.3603574,E2.2,BD56-665
OC220302-SN0666,-35.23081,11.5029545,E2.2,BD56-666
OC220302-SN0668,-5.010201,-42.827324,F1,BD56-668
OC220302-SN0669,-24.130507,15.25477,E2.2,BD56-669
OC220302-SN0670,-32.608406,11.3202915,E2.2,BD56-670
OC220302-SN0671,-1.5937352,14.489829,D1,BD56-671
OC220302-SN0674,-32.971912,0.38313,E2.2,BD56-674
OC220302-SN0676,-28.984497,-14.335998,E3,BD56-676
OC220302-SN0677,-35.057903,12.814821,E2.2,BD56-677
OC220302-SN0678,-32.33134,10.055578,E2.2,BD56-678
OC220302-SN0679,-35.42729,11.299015,E2.2,BD56-679
OC220302-SN0681,-31.856256,2.0474963,E2.2,BD56-681
OC220302-SN0682,-25.772373,21.858467,E2.1,BD56-682
OC220302-SN0683,-32.911873,9.292853,E2.2,BD56-683
OC220302-SN0684,-32.39297,0.03873922,E2.2,BD56-684
OC220302-SN0685,-24.86934,9.314709,E2.2,BD56-685
OC220302-SN0686,-33.557106,-4.567868,E3,BD56-686
OC220302-SN0687,-25.840694,-15.383942,E3,BD56-687
OC220302-SN0688,-40.941708,-15.08566,E3,BD56-688
OC220302-SN0690,-27.56584,-12.31702,E3,BD56-690
OC220302-SN0691,-34.863304,9.814194,E2.2,BD56-691
OC220302-SN0692,-26.02683,10.344803,E2.2,BD56-692
OC220302-SN0693,-33.166275,9.876562,E2.2,BD56-693
OC220302-SN0694,-32.73116,5.614762,E2.2,BD56-694
OC220302-SN0695,-34.07981,10.912325,E2.2,BD56-695
OC220302-SN0697,-26.507256,-14.345517,E3,BD56-697
OC220302-SN0698,-35.025997,12.550585,E2.2,BD56-698
OC220302-SN0700,-35.818974,9.111885,E2.2,BD56-700
OC220302-SN0701,-41.530193,-17.50925,E3,BD56-701
OC220302-SN0702,-31.899317,-5.2596946,E3,BD56-702
OC220302-SN0703,-34.89523,10.675061,E2.2,BD56-703
OC220302-SN0705,-29.889256,-7.0716085,E3,BD56-705
OC220302-SN0708,-34.317497,12.10236,E2.2,BD56-708
OC220302-SN0709,-26.522844,6.55526,E2.2,BD56-709
OC220302-SN0711,-27.48708,-14.073013,E3,BD56-711
OC220302-SN0712,-35.347027,11.97183,E2.2,BD56-712
OC220302-SN0714,-34.63235,12.347739,E2.2,BD56-714
OC220302-SN0715,-27.195837,-15.599248,E3,BD56-715
OC220302-SN0716,-24.711542,6.50085,E2.2,BD56-716
OC220302-SN0717,-25.658895,-14.736537,E3,BD56-717
OC220302-SN0718,-26.857697,5.7407866,E2.2,BD56-718
OC220302-SN0719,-3.0366082,-4.9400673,E1,BD56-719
OC220302-SN0722,-32.94606,-1.4197801,E2.2,BD56-722
OC220302-SN0723,-27.583605,10.99382,E2.2,BD56-723
OC220302-SN0724,-40.47862,-20.52398,E3,BD56-724
OC220302-SN0727,-36.122723,10.32147,E2.2,BD56-727
OC220302-SN0728,-40.377647,-18.333237,E3,BD56-728
OC220302-SN0732,-32.20189,3.9302986,E2.2,BD56-732
OC220302-SN0739,9.967817,1.0672714,D2,BD56-739
S2D106_Bloom,8.982788,26.943033,C,S2D106_Bloom
S2H58_Bloom,20.753345,36.459217,B,S2H58_Bloom
S2K146_Bloom,32.230515,32.565998,B,S2K146
S2X16_Bloom,29.37079,33.2733,A,S2X16_Bloom
S2X227_Bloom,11.697105,4.8626523,D2,S2X227_Bloom
S2X58_Bloom,1.6710824,21.304054,D1,S2X58_Bloom
WIBP-2B11,30.473225,18.557314,A,WIBP-2B11
XG-017,26.814205,15.1046295,A,XG-017
XG2v-004,-39.4851,-18.106794,E3,XG2v-004
XG2v-006,-32.772087,4.9526396,E2.2,XG2v-006
XG2v-032,10.340504,-29.437525,F2,XG2v-032
XG2v-033,8.051939,-32.076355,F2,XG2v-033
XG2v-039,30.689957,31.675043,A,XG2v-039
XG2v-045,-15.903074,25.133993,C,XG2v-045
XG2v-052,0.07339277,12.588308,D1,XG2v-052
XG2v-070,-25.513363,21.969223,E2.1,XG2v-070
XG2v-083,-4.6732855,16.101772,D1,XG2v-083
XG2v-095,25.022215,39.6704,B,XG2v-095
XG2v-098,30.641846,18.785595,A,XG2v-098
XG2v-126,22.694658,35.98391,B,XG2v-126
XGv-001,-2.2548332,-39.438816,F1,XGv-001
XGv-003,10.85853,29.289122,C,XGv-003
XGv-008,-31.780207,9.023071,E2.2,XGv-008
XGv-010,3.2766736,18.993057,D1,XGv-010
XGv-011,-6.4467688,15.755834,E2.1,XGv-011
XGv-013,38.43701,19.094439,A,XGv-013
XGv-014,-35.7624,-19.98308,E3,XGv-014
XGv-016,12.23496,1.1249506,D2,XGv-016
XGv-017,34.18777,16.41791,A,XGv-017
XGv-018,-7.9252853,-49.677128,F1,XGv-018
XGv-023,-8.294099,-47.742287,F1,XGv-023
XGv-024,-9.874544,-36.351856,F1,XGv-024
XGv-030,-25.974026,4.4370527,E2.2,XGv-030
XGv-032,8.192299,-34.37408,F2,XGv-032
XGv-038,-33.694557,1.16214,E2.2,XGv-038
XGv-039,-4.7437367,-41.47701,F1,XGv-039
XGv-040,31.405348,21.722351,A,XGv-040
XGv-047,-2.8811693,15.633297,D1,XGv-047
XGv-049,-12.794427,-46.175983,F1,XGv-049
XGv-050,29.76634,40.933308,B,XGv-050
XGv-051,20.951797,15.972195,C,XGv-051
XGv-052,20.57949,15.990606,C,XGv-052
XGv-053,14.597276,-35.376907,F2,XGv-053
XGv-055,21.626062,14.763942,C,XGv-055
XGv-056,10.038541,-34.18274,F2,XGv-056
XGv-057,9.08553,-34.069695,F2,XGv-057
XGv-072,-33.382915,0.4744927,E2.2,XGv-072
XGv-073,-4.5147147,-41.783287,F1,XGv-073
XGv-074,9.298647,6.9645796,D2,XGv-074
XGv-080,-26.565084,4.333208,E2.2,XGv-080
XGv-094,-16.428793,24.834805,E2.1,XGv-094
XGv-097,20.977722,16.318909,C,XGv-097
XGv-101,-25.343912,6.8870444,E2.2,XGv-101
XGv-105,16.63598,-27.682428,F2,XGv-105
XGv-107,10.051753,4.6207595,D2,XGv-107
XGv-116,9.006342,-10.457188,F3,XGv-116
XGv-124,-2.240271,-39.378197,F1,XGv-124
XGv-152,9.520502,27.128542,C,XGv-152
XGv-155,9.641217,28.101501,C,XGv-155
XGv-157,8.988862,-29.492147,F2,XGv-157
XGv-158,9.469535,-29.821972,F2,XGv-158
XGv-159,9.130329,-29.07985,F2,XGv-159
XGv-172,2.121784,21.88215,C,XGv-172
XGv-174,-7.254738,14.834628,E2.1,XGv-174
XGv-175,-6.633398,14.762952,E2.1,XGv-175
XGv-177,36.401855,18.07166,A,XGv-177
XGv-179,-3.7234426,-26.025236,E3,XGv-179
XGv-19,-7.837919,-37.78108,F1,XGv-19
XGv-191,3.7065697,15.339328,D1,XGv-191
XGv-198,-23.183846,15.867046,E2.2,XGv-198
XGv-199,-20.594578,23.627886,E2.1,XGv-199
XGv-20,-33.190514,-1.9999905,E2.2,XGv-20
XGv-208,38.32423,23.204744,A,XGv-208
XGv-212,-24.487051,13.549884,E2.2,XGv-212
XGv-214,-23.252384,24.956951,E2.1,XGv-214
XGv-225,29.363325,14.318192,A,XGv-225
XGv-227,-21.181799,22.91128,E2.1,XGv-227
XGv-232,9.348839,29.229239,C,XGv-232
XGv-233,-23.30418,25.054054,E2.1,XGv-233
XGv-235,-37.66084,-16.843525,E3,XGv-235
XGv-236,8.530597,-31.954208,F2,XGv-236
XGv-250,-2.2898858,14.75923,D1,XGv-250
XGv-251,-23.351244,15.626729,E2.2,XGv-251
XGv-252,-5.335898,-43.99666,F1,XGv-252
XGv-253,29.782866,41.105297,B,XGv-253
XGv-261,35.20696,21.762854,A,XGv-261
XGv-263,1.1623938,13.77582,D1,XGv-263
XGv-264,10.501871,2.2088594,D2,XGv-264
XGv-265,9.885159,4.368418,D2,XGv-265
XGv-266,10.504472,3.2641473,D2,XGv-266
XGv-271,-23.052338,14.576402,E2.2,XGv-271
XGv-279,23.90414,41.54411,B,XGv-279
XGv-282,9.216295,6.9190054,D2,XGv-282
XGv-284,-22.89938,28.153423,E2.1,XGv-284
XGv-285,11.343679,1.1421946,D2,XGv-285
XGv-286,12.677866,1.0868248,D2,XGv-286
XGv-287,11.660111,0.359778,D2,XGv-287
XGv-288,12.217248,1.1350666,D2,XGv-288
XGv-289,12.595521,2.0251253,D2,XGv-289
XGv-290,11.848178,0.814046,D2,XGv-290
XGv-291,12.112274,2.05502,D2,XGv-291
XGv-292,11.812799,1.9052474,D2,XGv-292
XGv-293,12.885846,1.2771815,D2,XGv-293
XGv-294,11.210811,0.23569417,D2,XGv-294
XGv-295,12.131883,1.6485318,D2,XGv-295
XGv-296,12.35108,1.5548042,D2,XGv-296
XGv-297,12.2684,2.1007051,D2,XGv-297
XGv-298,29.339567,19.46058,A,XGv-298
XGv-300,29.00256,19.398342,A,XGv-300
XGv-301,38.57541,19.542486,A,XGv-301
XGv-303,8.717048,-25.893526,F2,XGv-303
XGv-304,36.172237,19.734764,A,XGv-304
XGv-305,-9.848136,-45.02772,F1,XGv-305
XGv-306,-9.916015,-44.78913,F1,XGv-306
XGv-311,-9.774704,-36.43736,F1,XGv-311
XGv-318,-7.574082,-36.36595,F1,XGv-318
XGv-324,4.3186035,26.952354,C,XGv-324
XGv-337,8.050623,31.872082,C,XGv-337
XGv-343,-1.956343,22.775164,C,XGv-343
XGv-345,-2.6464386,12.561935,D1,XGv-345
XGv-346,-19.180073,23.291067,E2.1,XGv-346
XGv-347,28.10003,37.913105,B,XGv-347
XGv-355,-30.267376,-3.5539525,E3,XGv-355
XGv-360,22.373528,-15.40042,F3,XGv-360
XGv-380,-27.502766,6.7659564,E2.2,XGv-380
XGv-387,36.07995,16.38793,A,XGv-387
XGv-390,3.4581585,-32.442894,F2,XGv-390
XGv-401,-41.109966,-17.699604,E3,XGv-401
XGv-402,32.192406,32.06487,B,XGv-402
XGv-404,30.909655,19.244358,A,XGv-404
XGv-405,29.640112,19.902502,A,XGv-405
XGv-409,28.045101,39.65105,B,XGv-409
XGv-412,-1.2391521,-2.780891,E1,XGv-412
XGv-416,16.412788,-26.456501,F2,XGv-416
XGv-418,-41.375412,-17.746569,E3,XGv-418
XGv-420,0.18086262,11.407045,D1,XGv-420
XGv-421,2.3927321,-7.7262897,E1,XGv-421
XGv-422,-40.1999,-16.844547,E3,XGv-422
