condition,site,wildtype,mutation,mut_escape,site_total_escape,site_max_escape
COV2-2955,331,N,A,0.001791,0.02865,0.001871
COV2-2955,331,N,D,0.001871,0.02865,0.001871
COV2-2955,331,N,E,0.001789,0.02865,0.001871
COV2-2955,331,N,F,0.00174,0.02865,0.001871
COV2-2955,331,N,G,0.001789,0.02865,0.001871
COV2-2955,331,N,H,0.001791,0.02865,0.001871
COV2-2955,331,N,I,0.00178,0.02865,0.001871
COV2-2955,331,N,K,0.001805,0.02865,0.001871
COV2-2955,331,N,L,0.001804,0.02865,0.001871
COV2-2955,331,N,M,0.001798,0.02865,0.001871
COV2-2955,331,N,P,0.001755,0.02865,0.001871
COV2-2955,331,N,Q,0.001791,0.02865,0.001871
COV2-2955,331,N,R,0.001784,0.02865,0.001871
COV2-2955,331,N,S,0.001737,0.02865,0.001871
COV2-2955,331,N,T,0.001783,0.02865,0.001871
COV2-2955,331,N,V,0.00184,0.02865,0.001871
COV2-2955,332,I,A,0.001818,0.03407,0.001842
COV2-2955,332,I,C,0.001787,0.03407,0.001842
COV2-2955,332,I,D,0.001776,0.03407,0.001842
COV2-2955,332,I,E,0.001797,0.03407,0.001842
COV2-2955,332,I,F,0.001761,0.03407,0.001842
COV2-2955,332,I,G,0.001842,0.03407,0.001842
COV2-2955,332,I,H,0.001807,0.03407,0.001842
COV2-2955,332,I,K,0.00179,0.03407,0.001842
COV2-2955,332,I,L,0.001782,0.03407,0.001842
COV2-2955,332,I,M,0.00178,0.03407,0.001842
COV2-2955,332,I,N,0.0018,0.03407,0.001842
COV2-2955,332,I,P,0.001794,0.03407,0.001842
COV2-2955,332,I,Q,0.001801,0.03407,0.001842
COV2-2955,332,I,R,0.001788,0.03407,0.001842
COV2-2955,332,I,S,0.001792,0.03407,0.001842
COV2-2955,332,I,T,0.001779,0.03407,0.001842
COV2-2955,332,I,V,0.001812,0.03407,0.001842
COV2-2955,332,I,W,0.001756,0.03407,0.001842
COV2-2955,332,I,Y,0.001806,0.03407,0.001842
COV2-2955,333,T,A,0.001687,0.03218,0.001843
COV2-2955,333,T,C,0.001791,0.03218,0.001843
COV2-2955,333,T,D,0.00179,0.03218,0.001843
COV2-2955,333,T,E,0.001789,0.03218,0.001843
COV2-2955,333,T,F,0.001791,0.03218,0.001843
COV2-2955,333,T,G,0.001827,0.03218,0.001843
COV2-2955,333,T,H,0.00179,0.03218,0.001843
COV2-2955,333,T,K,0.001772,0.03218,0.001843
COV2-2955,333,T,L,0.001787,0.03218,0.001843
COV2-2955,333,T,M,0.00177,0.03218,0.001843
COV2-2955,333,T,N,0.001769,0.03218,0.001843
COV2-2955,333,T,P,0.001843,0.03218,0.001843
COV2-2955,333,T,Q,0.001799,0.03218,0.001843
COV2-2955,333,T,R,0.001795,0.03218,0.001843
COV2-2955,333,T,S,0.001799,0.03218,0.001843
COV2-2955,333,T,V,0.001812,0.03218,0.001843
COV2-2955,333,T,W,0.00178,0.03218,0.001843
COV2-2955,333,T,Y,0.001787,0.03218,0.001843
COV2-2955,334,N,A,0.001803,0.03369,0.003162
COV2-2955,334,N,C,0.001792,0.03369,0.003162
COV2-2955,334,N,D,0.00179,0.03369,0.003162
COV2-2955,334,N,E,0.001801,0.03369,0.003162
COV2-2955,334,N,F,0.001796,0.03369,0.003162
COV2-2955,334,N,G,0.001795,0.03369,0.003162
COV2-2955,334,N,H,0.001795,0.03369,0.003162
COV2-2955,334,N,I,0.001803,0.03369,0.003162
COV2-2955,334,N,K,0.001798,0.03369,0.003162
COV2-2955,334,N,L,0.003162,0.03369,0.003162
COV2-2955,334,N,M,0.001794,0.03369,0.003162
COV2-2955,334,N,P,0.001788,0.03369,0.003162
COV2-2955,334,N,Q,0.001794,0.03369,0.003162
COV2-2955,334,N,R,0.001811,0.03369,0.003162
COV2-2955,334,N,S,0.001774,0.03369,0.003162
COV2-2955,334,N,T,0.001812,0.03369,0.003162
COV2-2955,334,N,V,0.001789,0.03369,0.003162
COV2-2955,334,N,Y,0.00179,0.03369,0.003162
COV2-2955,335,L,A,0.001788,0.03486,0.002594
COV2-2955,335,L,C,0.001795,0.03486,0.002594
COV2-2955,335,L,D,0.001788,0.03486,0.002594
COV2-2955,335,L,E,0.001798,0.03486,0.002594
COV2-2955,335,L,F,0.001814,0.03486,0.002594
COV2-2955,335,L,G,0.002594,0.03486,0.002594
COV2-2955,335,L,H,0.001789,0.03486,0.002594
COV2-2955,335,L,I,0.001787,0.03486,0.002594
COV2-2955,335,L,K,0.001786,0.03486,0.002594
COV2-2955,335,L,M,0.001838,0.03486,0.002594
COV2-2955,335,L,N,0.001775,0.03486,0.002594
COV2-2955,335,L,P,0.001809,0.03486,0.002594
COV2-2955,335,L,Q,0.001789,0.03486,0.002594
COV2-2955,335,L,R,0.001787,0.03486,0.002594
COV2-2955,335,L,S,0.001776,0.03486,0.002594
COV2-2955,335,L,T,0.00179,0.03486,0.002594
COV2-2955,335,L,V,0.001803,0.03486,0.002594
COV2-2955,335,L,W,0.001773,0.03486,0.002594
COV2-2955,335,L,Y,0.001785,0.03486,0.002594
COV2-2955,336,C,G,0.001796,0.001796,0.001796
COV2-2955,337,P,A,0.001798,0.02508,0.00183
COV2-2955,337,P,C,0.001791,0.02508,0.00183
COV2-2955,337,P,D,0.001791,0.02508,0.00183
COV2-2955,337,P,E,0.001806,0.02508,0.00183
COV2-2955,337,P,G,0.001713,0.02508,0.00183
COV2-2955,337,P,H,0.001805,0.02508,0.00183
COV2-2955,337,P,K,0.001788,0.02508,0.00183
COV2-2955,337,P,L,0.001806,0.02508,0.00183
COV2-2955,337,P,M,0.001791,0.02508,0.00183
COV2-2955,337,P,N,0.001783,0.02508,0.00183
COV2-2955,337,P,Q,0.001784,0.02508,0.00183
COV2-2955,337,P,R,0.001796,0.02508,0.00183
COV2-2955,337,P,S,0.00183,0.02508,0.00183
COV2-2955,337,P,T,0.001794,0.02508,0.00183
COV2-2955,338,F,I,0.001762,0.008903,0.001791
COV2-2955,338,F,L,0.001781,0.008903,0.001791
COV2-2955,338,F,M,0.001791,0.008903,0.001791
COV2-2955,338,F,W,0.001789,0.008903,0.001791
COV2-2955,338,F,Y,0.00178,0.008903,0.001791
COV2-2955,339,G,A,0.001802,0.03208,0.001844
COV2-2955,339,G,D,0.001728,0.03208,0.001844
COV2-2955,339,G,E,0.001783,0.03208,0.001844
COV2-2955,339,G,F,0.001767,0.03208,0.001844
COV2-2955,339,G,H,0.001792,0.03208,0.001844
COV2-2955,339,G,I,0.00179,0.03208,0.001844
COV2-2955,339,G,K,0.001773,0.03208,0.001844
COV2-2955,339,G,L,0.001807,0.03208,0.001844
COV2-2955,339,G,M,0.001776,0.03208,0.001844
COV2-2955,339,G,N,0.001789,0.03208,0.001844
COV2-2955,339,G,P,0.001844,0.03208,0.001844
COV2-2955,339,G,Q,0.001787,0.03208,0.001844
COV2-2955,339,G,R,0.001786,0.03208,0.001844
COV2-2955,339,G,S,0.001766,0.03208,0.001844
COV2-2955,339,G,T,0.001746,0.03208,0.001844
COV2-2955,339,G,V,0.001776,0.03208,0.001844
COV2-2955,339,G,W,0.001799,0.03208,0.001844
COV2-2955,339,G,Y,0.001767,0.03208,0.001844
COV2-2955,340,E,A,0.001785,0.01975,0.001841
COV2-2955,340,E,D,0.001788,0.01975,0.001841
COV2-2955,340,E,G,0.001841,0.01975,0.001841
COV2-2955,340,E,K,0.001798,0.01975,0.001841
COV2-2955,340,E,L,0.001791,0.01975,0.001841
COV2-2955,340,E,M,0.001782,0.01975,0.001841
COV2-2955,340,E,N,0.001797,0.01975,0.001841
COV2-2955,340,E,P,0.001776,0.01975,0.001841
COV2-2955,340,E,Q,0.001799,0.01975,0.001841
COV2-2955,340,E,S,0.001805,0.01975,0.001841
COV2-2955,340,E,T,0.001791,0.01975,0.001841
COV2-2955,341,V,I,0.001803,0.003604,0.001803
COV2-2955,341,V,L,0.001801,0.003604,0.001803
COV2-2955,342,F,I,0.001839,0.005463,0.001839
COV2-2955,342,F,L,0.001829,0.005463,0.001839
COV2-2955,342,F,M,0.001794,0.005463,0.001839
COV2-2955,344,A,E,0.001789,0.01895,0.008001
COV2-2955,344,A,K,0.008001,0.01895,0.008001
COV2-2955,344,A,N,0.003716,0.01895,0.008001
COV2-2955,344,A,Q,0.001821,0.01895,0.008001
COV2-2955,344,A,R,0.001802,0.01895,0.008001
COV2-2955,344,A,S,0.001819,0.01895,0.008001
COV2-2955,345,T,A,0.001765,0.01339,0.002684
COV2-2955,345,T,D,0.002684,0.01339,0.002684
COV2-2955,345,T,E,0.001794,0.01339,0.002684
COV2-2955,345,T,K,0.001792,0.01339,0.002684
COV2-2955,345,T,P,0.001792,0.01339,0.002684
COV2-2955,345,T,R,0.001791,0.01339,0.002684
COV2-2955,345,T,S,0.001771,0.01339,0.002684
COV2-2955,346,R,A,0.001793,0.4574,0.2294
COV2-2955,346,R,C,0.03797,0.4574,0.2294
COV2-2955,346,R,D,0.05167,0.4574,0.2294
COV2-2955,346,R,E,0.01094,0.4574,0.2294
COV2-2955,346,R,F,0.002571,0.4574,0.2294
COV2-2955,346,R,G,0.001797,0.4574,0.2294
COV2-2955,346,R,H,0.002131,0.4574,0.2294
COV2-2955,346,R,I,0.001799,0.4574,0.2294
COV2-2955,346,R,K,0.001777,0.4574,0.2294
COV2-2955,346,R,L,0.02114,0.4574,0.2294
COV2-2955,346,R,M,0.02334,0.4574,0.2294
COV2-2955,346,R,N,0.03052,0.4574,0.2294
COV2-2955,346,R,Q,0.001847,0.4574,0.2294
COV2-2955,346,R,S,0.01561,0.4574,0.2294
COV2-2955,346,R,T,0.001813,0.4574,0.2294
COV2-2955,346,R,V,0.001848,0.4574,0.2294
COV2-2955,346,R,W,0.2294,0.4574,0.2294
COV2-2955,346,R,Y,0.01936,0.4574,0.2294
COV2-2955,347,F,W,0.001789,0.001789,0.001789
COV2-2955,348,A,D,0.8342,3.468,0.8444
COV2-2955,348,A,E,0.8444,3.468,0.8444
COV2-2955,348,A,G,0.00288,3.468,0.8444
COV2-2955,348,A,H,0.001835,3.468,0.8444
COV2-2955,348,A,K,0.6793,3.468,0.8444
COV2-2955,348,A,N,0.001802,3.468,0.8444
COV2-2955,348,A,P,0.005033,3.468,0.8444
COV2-2955,348,A,Q,0.7202,3.468,0.8444
COV2-2955,348,A,S,0.001787,3.468,0.8444
COV2-2955,348,A,Y,0.3768,3.468,0.8444
COV2-2955,349,S,N,0.4698,1.353,0.8831
COV2-2955,349,S,P,0.8831,1.353,0.8831
COV2-2955,351,Y,F,0.001793,1.028,0.8186
COV2-2955,351,Y,H,0.8186,1.028,0.8186
COV2-2955,351,Y,W,0.2072,1.028,0.8186
COV2-2955,352,A,D,0.7057,2.645,0.8812
COV2-2955,352,A,E,0.8812,2.645,0.8812
COV2-2955,352,A,G,0.2058,2.645,0.8812
COV2-2955,352,A,H,0.001793,2.645,0.8812
COV2-2955,352,A,K,0.001889,2.645,0.8812
COV2-2955,352,A,M,0.2097,2.645,0.8812
COV2-2955,352,A,N,0.001813,2.645,0.8812
COV2-2955,352,A,Q,0.5748,2.645,0.8812
COV2-2955,352,A,R,0.05711,2.645,0.8812
COV2-2955,352,A,S,0.003325,2.645,0.8812
COV2-2955,352,A,Y,0.001802,2.645,0.8812
COV2-2955,353,W,F,0.001791,0.001791,0.001791
COV2-2955,354,N,A,0.001789,0.02731,0.01297
COV2-2955,354,N,D,0.001795,0.02731,0.01297
COV2-2955,354,N,G,0.001793,0.02731,0.01297
COV2-2955,354,N,H,0.001792,0.02731,0.01297
COV2-2955,354,N,K,0.01297,0.02731,0.01297
COV2-2955,354,N,R,0.001802,0.02731,0.01297
COV2-2955,354,N,S,0.001782,0.02731,0.01297
COV2-2955,354,N,T,0.001796,0.02731,0.01297
COV2-2955,354,N,V,0.001792,0.02731,0.01297
COV2-2955,356,K,A,0.001792,0.06356,0.04055
COV2-2955,356,K,E,0.001826,0.06356,0.04055
COV2-2955,356,K,H,0.001789,0.06356,0.04055
COV2-2955,356,K,I,0.001789,0.06356,0.04055
COV2-2955,356,K,L,0.001799,0.06356,0.04055
COV2-2955,356,K,M,0.001761,0.06356,0.04055
COV2-2955,356,K,N,0.00171,0.06356,0.04055
COV2-2955,356,K,Q,0.001792,0.06356,0.04055
COV2-2955,356,K,R,0.001782,0.06356,0.04055
COV2-2955,356,K,S,0.04055,0.06356,0.04055
COV2-2955,356,K,T,0.003365,0.06356,0.04055
COV2-2955,356,K,V,0.001786,0.06356,0.04055
COV2-2955,356,K,Y,0.001813,0.06356,0.04055
COV2-2955,357,R,A,0.001776,0.03051,0.001871
COV2-2955,357,R,C,0.00179,0.03051,0.001871
COV2-2955,357,R,D,0.001792,0.03051,0.001871
COV2-2955,357,R,E,0.001786,0.03051,0.001871
COV2-2955,357,R,H,0.001804,0.03051,0.001871
COV2-2955,357,R,I,0.001752,0.03051,0.001871
COV2-2955,357,R,K,0.001773,0.03051,0.001871
COV2-2955,357,R,L,0.001787,0.03051,0.001871
COV2-2955,357,R,M,0.001838,0.03051,0.001871
COV2-2955,357,R,N,0.001871,0.03051,0.001871
COV2-2955,357,R,P,0.001796,0.03051,0.001871
COV2-2955,357,R,Q,0.001792,0.03051,0.001871
COV2-2955,357,R,S,0.001791,0.03051,0.001871
COV2-2955,357,R,T,0.001784,0.03051,0.001871
COV2-2955,357,R,V,0.001798,0.03051,0.001871
COV2-2955,357,R,W,0.001791,0.03051,0.001871
COV2-2955,357,R,Y,0.001789,0.03051,0.001871
COV2-2955,358,I,C,0.001791,0.01255,0.001805
COV2-2955,358,I,F,0.001793,0.01255,0.001805
COV2-2955,358,I,L,0.00179,0.01255,0.001805
COV2-2955,358,I,M,0.001805,0.01255,0.001805
COV2-2955,358,I,V,0.001792,0.01255,0.001805
COV2-2955,358,I,W,0.001789,0.01255,0.001805
COV2-2955,358,I,Y,0.001792,0.01255,0.001805
COV2-2955,359,S,A,0.001792,0.03058,0.001871
COV2-2955,359,S,C,0.001796,0.03058,0.001871
COV2-2955,359,S,D,0.00179,0.03058,0.001871
COV2-2955,359,S,E,0.001792,0.03058,0.001871
COV2-2955,359,S,F,0.00179,0.03058,0.001871
COV2-2955,359,S,G,0.001831,0.03058,0.001871
COV2-2955,359,S,H,0.00179,0.03058,0.001871
COV2-2955,359,S,I,0.001793,0.03058,0.001871
COV2-2955,359,S,K,0.001799,0.03058,0.001871
COV2-2955,359,S,N,0.00179,0.03058,0.001871
COV2-2955,359,S,P,0.001791,0.03058,0.001871
COV2-2955,359,S,Q,0.00179,0.03058,0.001871
COV2-2955,359,S,R,0.001788,0.03058,0.001871
COV2-2955,359,S,T,0.001797,0.03058,0.001871
COV2-2955,359,S,V,0.001786,0.03058,0.001871
COV2-2955,359,S,W,0.001796,0.03058,0.001871
COV2-2955,359,S,Y,0.001871,0.03058,0.001871
COV2-2955,360,N,D,0.001871,0.01086,0.001871
COV2-2955,360,N,E,0.001794,0.01086,0.001871
COV2-2955,360,N,K,0.001794,0.01086,0.001871
COV2-2955,360,N,Q,0.00179,0.01086,0.001871
COV2-2955,360,N,R,0.001791,0.01086,0.001871
COV2-2955,360,N,S,0.001816,0.01086,0.001871
COV2-2955,361,C,N,0.001792,0.003585,0.001792
COV2-2955,361,C,P,0.001792,0.003585,0.001792
COV2-2955,362,V,A,0.001774,0.03223,0.001839
COV2-2955,362,V,C,0.001793,0.03223,0.001839
COV2-2955,362,V,D,0.001788,0.03223,0.001839
COV2-2955,362,V,E,0.001801,0.03223,0.001839
COV2-2955,362,V,F,0.001787,0.03223,0.001839
COV2-2955,362,V,G,0.001791,0.03223,0.001839
COV2-2955,362,V,H,0.001793,0.03223,0.001839
COV2-2955,362,V,I,0.001795,0.03223,0.001839
COV2-2955,362,V,K,0.001793,0.03223,0.001839
COV2-2955,362,V,L,0.001833,0.03223,0.001839
COV2-2955,362,V,M,0.001772,0.03223,0.001839
COV2-2955,362,V,N,0.001785,0.03223,0.001839
COV2-2955,362,V,Q,0.001745,0.03223,0.001839
COV2-2955,362,V,R,0.001773,0.03223,0.001839
COV2-2955,362,V,S,0.001839,0.03223,0.001839
COV2-2955,362,V,T,0.001812,0.03223,0.001839
COV2-2955,362,V,W,0.001769,0.03223,0.001839
COV2-2955,362,V,Y,0.001788,0.03223,0.001839
COV2-2955,363,A,C,0.001791,0.03989,0.01642
COV2-2955,363,A,F,0.001803,0.03989,0.01642
COV2-2955,363,A,G,0.001795,0.03989,0.01642
COV2-2955,363,A,H,0.01642,0.03989,0.01642
COV2-2955,363,A,I,0.001793,0.03989,0.01642
COV2-2955,363,A,L,0.001828,0.03989,0.01642
COV2-2955,363,A,M,0.001844,0.03989,0.01642
COV2-2955,363,A,P,0.001789,0.03989,0.01642
COV2-2955,363,A,Q,0.001805,0.03989,0.01642
COV2-2955,363,A,S,0.001782,0.03989,0.01642
COV2-2955,363,A,T,0.001802,0.03989,0.01642
COV2-2955,363,A,V,0.001807,0.03989,0.01642
COV2-2955,363,A,W,0.001834,0.03989,0.01642
COV2-2955,363,A,Y,0.001794,0.03989,0.01642
COV2-2955,365,Y,A,0.00178,0.0197,0.001826
COV2-2955,365,Y,C,0.001766,0.0197,0.001826
COV2-2955,365,Y,F,0.001826,0.0197,0.001826
COV2-2955,365,Y,G,0.001808,0.0197,0.001826
COV2-2955,365,Y,I,0.001788,0.0197,0.001826
COV2-2955,365,Y,L,0.001778,0.0197,0.001826
COV2-2955,365,Y,M,0.001757,0.0197,0.001826
COV2-2955,365,Y,P,0.001792,0.0197,0.001826
COV2-2955,365,Y,T,0.001791,0.0197,0.001826
COV2-2955,365,Y,V,0.001808,0.0197,0.001826
COV2-2955,365,Y,W,0.001804,0.0197,0.001826
COV2-2955,366,S,A,0.001781,0.0304,0.001871
COV2-2955,366,S,D,0.001774,0.0304,0.001871
COV2-2955,366,S,E,0.001783,0.0304,0.001871
COV2-2955,366,S,F,0.001795,0.0304,0.001871
COV2-2955,366,S,G,0.001796,0.0304,0.001871
COV2-2955,366,S,H,0.001871,0.0304,0.001871
COV2-2955,366,S,I,0.00175,0.0304,0.001871
COV2-2955,366,S,K,0.001785,0.0304,0.001871
COV2-2955,366,S,L,0.001774,0.0304,0.001871
COV2-2955,366,S,M,0.001778,0.0304,0.001871
COV2-2955,366,S,N,0.001797,0.0304,0.001871
COV2-2955,366,S,P,0.001794,0.0304,0.001871
COV2-2955,366,S,Q,0.001756,0.0304,0.001871
COV2-2955,366,S,R,0.001814,0.0304,0.001871
COV2-2955,366,S,T,0.001792,0.0304,0.001871
COV2-2955,366,S,V,0.001769,0.0304,0.001871
COV2-2955,366,S,W,0.00179,0.0304,0.001871
COV2-2955,367,V,A,0.00179,0.03395,0.001841
COV2-2955,367,V,C,0.001767,0.03395,0.001841
COV2-2955,367,V,D,0.001758,0.03395,0.001841
COV2-2955,367,V,E,0.00178,0.03395,0.001841
COV2-2955,367,V,F,0.001765,0.03395,0.001841
COV2-2955,367,V,G,0.001802,0.03395,0.001841
COV2-2955,367,V,H,0.001785,0.03395,0.001841
COV2-2955,367,V,I,0.001788,0.03395,0.001841
COV2-2955,367,V,K,0.001793,0.03395,0.001841
COV2-2955,367,V,L,0.00177,0.03395,0.001841
COV2-2955,367,V,M,0.001797,0.03395,0.001841
COV2-2955,367,V,N,0.001778,0.03395,0.001841
COV2-2955,367,V,P,0.001801,0.03395,0.001841
COV2-2955,367,V,Q,0.001841,0.03395,0.001841
COV2-2955,367,V,R,0.001779,0.03395,0.001841
COV2-2955,367,V,S,0.001805,0.03395,0.001841
COV2-2955,367,V,T,0.001781,0.03395,0.001841
COV2-2955,367,V,W,0.001763,0.03395,0.001841
COV2-2955,367,V,Y,0.001808,0.03395,0.001841
COV2-2955,368,L,F,0.001812,0.007166,0.001817
COV2-2955,368,L,I,0.001817,0.007166,0.001817
COV2-2955,368,L,M,0.001789,0.007166,0.001817
COV2-2955,368,L,V,0.001748,0.007166,0.001817
COV2-2955,369,Y,A,0.001788,0.03383,0.001811
COV2-2955,369,Y,C,0.00179,0.03383,0.001811
COV2-2955,369,Y,D,0.001793,0.03383,0.001811
COV2-2955,369,Y,E,0.001788,0.03383,0.001811
COV2-2955,369,Y,F,0.00178,0.03383,0.001811
COV2-2955,369,Y,G,0.001794,0.03383,0.001811
COV2-2955,369,Y,H,0.001787,0.03383,0.001811
COV2-2955,369,Y,I,0.001743,0.03383,0.001811
COV2-2955,369,Y,K,0.001782,0.03383,0.001811
COV2-2955,369,Y,L,0.001763,0.03383,0.001811
COV2-2955,369,Y,M,0.001756,0.03383,0.001811
COV2-2955,369,Y,N,0.001781,0.03383,0.001811
COV2-2955,369,Y,P,0.00179,0.03383,0.001811
COV2-2955,369,Y,Q,0.001775,0.03383,0.001811
COV2-2955,369,Y,R,0.001788,0.03383,0.001811
COV2-2955,369,Y,S,0.001779,0.03383,0.001811
COV2-2955,369,Y,T,0.001811,0.03383,0.001811
COV2-2955,369,Y,V,0.001774,0.03383,0.001811
COV2-2955,369,Y,W,0.001772,0.03383,0.001811
COV2-2955,370,N,A,0.001789,0.02506,0.001828
COV2-2955,370,N,D,0.001774,0.02506,0.001828
COV2-2955,370,N,E,0.001788,0.02506,0.001828
COV2-2955,370,N,G,0.001782,0.02506,0.001828
COV2-2955,370,N,H,0.001789,0.02506,0.001828
COV2-2955,370,N,K,0.001791,0.02506,0.001828
COV2-2955,370,N,L,0.00178,0.02506,0.001828
COV2-2955,370,N,M,0.00179,0.02506,0.001828
COV2-2955,370,N,P,0.001778,0.02506,0.001828
COV2-2955,370,N,Q,0.001791,0.02506,0.001828
COV2-2955,370,N,R,0.001828,0.02506,0.001828
COV2-2955,370,N,S,0.001792,0.02506,0.001828
COV2-2955,370,N,T,0.001796,0.02506,0.001828
COV2-2955,370,N,Y,0.001791,0.02506,0.001828
COV2-2955,371,S,A,0.001765,0.03429,0.001974
COV2-2955,371,S,C,0.0018,0.03429,0.001974
COV2-2955,371,S,D,0.00182,0.03429,0.001974
COV2-2955,371,S,E,0.001792,0.03429,0.001974
COV2-2955,371,S,F,0.001822,0.03429,0.001974
COV2-2955,371,S,G,0.001781,0.03429,0.001974
COV2-2955,371,S,H,0.00179,0.03429,0.001974
COV2-2955,371,S,I,0.001792,0.03429,0.001974
COV2-2955,371,S,K,0.00177,0.03429,0.001974
COV2-2955,371,S,L,0.001974,0.03429,0.001974
COV2-2955,371,S,M,0.00179,0.03429,0.001974
COV2-2955,371,S,N,0.001819,0.03429,0.001974
COV2-2955,371,S,P,0.001817,0.03429,0.001974
COV2-2955,371,S,Q,0.001792,0.03429,0.001974
COV2-2955,371,S,R,0.001796,0.03429,0.001974
COV2-2955,371,S,T,0.00181,0.03429,0.001974
COV2-2955,371,S,V,0.001799,0.03429,0.001974
COV2-2955,371,S,W,0.001792,0.03429,0.001974
COV2-2955,371,S,Y,0.001771,0.03429,0.001974
COV2-2955,372,A,D,0.001764,0.03415,0.003716
COV2-2955,372,A,E,0.00179,0.03415,0.003716
COV2-2955,372,A,F,0.003716,0.03415,0.003716
COV2-2955,372,A,G,0.001766,0.03415,0.003716
COV2-2955,372,A,H,0.001795,0.03415,0.003716
COV2-2955,372,A,I,0.00179,0.03415,0.003716
COV2-2955,372,A,K,0.001793,0.03415,0.003716
COV2-2955,372,A,L,0.001783,0.03415,0.003716
COV2-2955,372,A,M,0.00179,0.03415,0.003716
COV2-2955,372,A,N,0.001811,0.03415,0.003716
COV2-2955,372,A,P,0.001767,0.03415,0.003716
COV2-2955,372,A,Q,0.001788,0.03415,0.003716
COV2-2955,372,A,R,0.001777,0.03415,0.003716
COV2-2955,372,A,S,0.001794,0.03415,0.003716
COV2-2955,372,A,T,0.001839,0.03415,0.003716
COV2-2955,372,A,V,0.001784,0.03415,0.003716
COV2-2955,372,A,W,0.001792,0.03415,0.003716
COV2-2955,372,A,Y,0.001806,0.03415,0.003716
COV2-2955,373,S,A,0.001825,0.03523,0.002991
COV2-2955,373,S,C,0.001765,0.03523,0.002991
COV2-2955,373,S,D,0.001786,0.03523,0.002991
COV2-2955,373,S,E,0.001796,0.03523,0.002991
COV2-2955,373,S,F,0.001789,0.03523,0.002991
COV2-2955,373,S,G,0.001771,0.03523,0.002991
COV2-2955,373,S,H,0.001791,0.03523,0.002991
COV2-2955,373,S,I,0.001793,0.03523,0.002991
COV2-2955,373,S,K,0.001798,0.03523,0.002991
COV2-2955,373,S,L,0.001805,0.03523,0.002991
COV2-2955,373,S,M,0.001797,0.03523,0.002991
COV2-2955,373,S,N,0.00179,0.03523,0.002991
COV2-2955,373,S,P,0.001765,0.03523,0.002991
COV2-2955,373,S,Q,0.001793,0.03523,0.002991
COV2-2955,373,S,R,0.001808,0.03523,0.002991
COV2-2955,373,S,T,0.001796,0.03523,0.002991
COV2-2955,373,S,V,0.002991,0.03523,0.002991
COV2-2955,373,S,W,0.001793,0.03523,0.002991
COV2-2955,373,S,Y,0.001779,0.03523,0.002991
COV2-2955,374,F,A,0.001814,0.02155,0.001846
COV2-2955,374,F,D,0.001831,0.02155,0.001846
COV2-2955,374,F,H,0.001783,0.02155,0.001846
COV2-2955,374,F,I,0.001789,0.02155,0.001846
COV2-2955,374,F,L,0.001789,0.02155,0.001846
COV2-2955,374,F,M,0.001773,0.02155,0.001846
COV2-2955,374,F,N,0.001781,0.02155,0.001846
COV2-2955,374,F,Q,0.001792,0.02155,0.001846
COV2-2955,374,F,T,0.001765,0.02155,0.001846
COV2-2955,374,F,V,0.001846,0.02155,0.001846
COV2-2955,374,F,W,0.001785,0.02155,0.001846
COV2-2955,374,F,Y,0.0018,0.02155,0.001846
COV2-2955,375,S,A,0.001783,0.01613,0.001832
COV2-2955,375,S,D,0.001832,0.01613,0.001832
COV2-2955,375,S,E,0.001792,0.01613,0.001832
COV2-2955,375,S,G,0.001808,0.01613,0.001832
COV2-2955,375,S,H,0.001786,0.01613,0.001832
COV2-2955,375,S,K,0.001792,0.01613,0.001832
COV2-2955,375,S,N,0.00179,0.01613,0.001832
COV2-2955,375,S,Q,0.001782,0.01613,0.001832
COV2-2955,375,S,T,0.001769,0.01613,0.001832
COV2-2955,376,T,C,0.001791,0.02255,0.002417
COV2-2955,376,T,D,0.001791,0.02255,0.002417
COV2-2955,376,T,F,0.00179,0.02255,0.002417
COV2-2955,376,T,H,0.001798,0.02255,0.002417
COV2-2955,376,T,I,0.001833,0.02255,0.002417
COV2-2955,376,T,K,0.001791,0.02255,0.002417
COV2-2955,376,T,L,0.002206,0.02255,0.002417
COV2-2955,376,T,M,0.001761,0.02255,0.002417
COV2-2955,376,T,N,0.00179,0.02255,0.002417
COV2-2955,376,T,S,0.002417,0.02255,0.002417
COV2-2955,376,T,V,0.001789,0.02255,0.002417
COV2-2955,376,T,Y,0.001796,0.02255,0.002417
COV2-2955,377,F,I,0.001814,0.009026,0.00183
COV2-2955,377,F,L,0.001799,0.009026,0.00183
COV2-2955,377,F,M,0.001792,0.009026,0.00183
COV2-2955,377,F,V,0.00183,0.009026,0.00183
COV2-2955,377,F,W,0.00179,0.009026,0.00183
COV2-2955,378,K,A,0.001787,0.02509,0.001851
COV2-2955,378,K,C,0.001708,0.02509,0.001851
COV2-2955,378,K,D,0.001791,0.02509,0.001851
COV2-2955,378,K,E,0.001772,0.02509,0.001851
COV2-2955,378,K,H,0.00185,0.02509,0.001851
COV2-2955,378,K,I,0.001851,0.02509,0.001851
COV2-2955,378,K,L,0.00177,0.02509,0.001851
COV2-2955,378,K,M,0.001791,0.02509,0.001851
COV2-2955,378,K,N,0.001815,0.02509,0.001851
COV2-2955,378,K,Q,0.001789,0.02509,0.001851
COV2-2955,378,K,R,0.001791,0.02509,0.001851
COV2-2955,378,K,S,0.001792,0.02509,0.001851
COV2-2955,378,K,T,0.001791,0.02509,0.001851
COV2-2955,378,K,V,0.001792,0.02509,0.001851
COV2-2955,380,Y,F,0.001779,0.003566,0.001787
COV2-2955,380,Y,W,0.001787,0.003566,0.001787
COV2-2955,381,G,H,0.001772,0.01074,0.001814
COV2-2955,381,G,K,0.001814,0.01074,0.001814
COV2-2955,381,G,N,0.001763,0.01074,0.001814
COV2-2955,381,G,Q,0.001802,0.01074,0.001814
COV2-2955,381,G,R,0.001796,0.01074,0.001814
COV2-2955,381,G,S,0.001789,0.01074,0.001814
COV2-2955,382,V,C,0.001774,0.01257,0.001849
COV2-2955,382,V,F,0.001802,0.01257,0.001849
COV2-2955,382,V,I,0.001801,0.01257,0.001849
COV2-2955,382,V,L,0.001778,0.01257,0.001849
COV2-2955,382,V,M,0.001849,0.01257,0.001849
COV2-2955,382,V,T,0.001773,0.01257,0.001849
COV2-2955,382,V,Y,0.001794,0.01257,0.001849
COV2-2955,383,S,A,0.00171,0.02844,0.001807
COV2-2955,383,S,C,0.001791,0.02844,0.001807
COV2-2955,383,S,D,0.001793,0.02844,0.001807
COV2-2955,383,S,E,0.001755,0.02844,0.001807
COV2-2955,383,S,H,0.001791,0.02844,0.001807
COV2-2955,383,S,I,0.001807,0.02844,0.001807
COV2-2955,383,S,K,0.001796,0.02844,0.001807
COV2-2955,383,S,L,0.001763,0.02844,0.001807
COV2-2955,383,S,M,0.001716,0.02844,0.001807
COV2-2955,383,S,N,0.001791,0.02844,0.001807
COV2-2955,383,S,P,0.001776,0.02844,0.001807
COV2-2955,383,S,Q,0.001787,0.02844,0.001807
COV2-2955,383,S,R,0.00179,0.02844,0.001807
COV2-2955,383,S,T,0.001793,0.02844,0.001807
COV2-2955,383,S,V,0.001787,0.02844,0.001807
COV2-2955,383,S,Y,0.001791,0.02844,0.001807
COV2-2955,384,P,A,0.001788,0.0305,0.001834
COV2-2955,384,P,E,0.001791,0.0305,0.001834
COV2-2955,384,P,F,0.00179,0.0305,0.001834
COV2-2955,384,P,G,0.001789,0.0305,0.001834
COV2-2955,384,P,H,0.001783,0.0305,0.001834
COV2-2955,384,P,I,0.001795,0.0305,0.001834
COV2-2955,384,P,K,0.001787,0.0305,0.001834
COV2-2955,384,P,L,0.001776,0.0305,0.001834
COV2-2955,384,P,M,0.001806,0.0305,0.001834
COV2-2955,384,P,N,0.00179,0.0305,0.001834
COV2-2955,384,P,Q,0.001789,0.0305,0.001834
COV2-2955,384,P,R,0.001789,0.0305,0.001834
COV2-2955,384,P,S,0.001814,0.0305,0.001834
COV2-2955,384,P,T,0.001834,0.0305,0.001834
COV2-2955,384,P,V,0.001797,0.0305,0.001834
COV2-2955,384,P,W,0.001791,0.0305,0.001834
COV2-2955,384,P,Y,0.001791,0.0305,0.001834
COV2-2955,385,T,A,0.00179,0.03415,0.001843
COV2-2955,385,T,C,0.001771,0.03415,0.001843
COV2-2955,385,T,D,0.00181,0.03415,0.001843
COV2-2955,385,T,E,0.00181,0.03415,0.001843
COV2-2955,385,T,F,0.001791,0.03415,0.001843
COV2-2955,385,T,G,0.001788,0.03415,0.001843
COV2-2955,385,T,H,0.001833,0.03415,0.001843
COV2-2955,385,T,I,0.001798,0.03415,0.001843
COV2-2955,385,T,K,0.001784,0.03415,0.001843
COV2-2955,385,T,L,0.001805,0.03415,0.001843
COV2-2955,385,T,M,0.001841,0.03415,0.001843
COV2-2955,385,T,N,0.001775,0.03415,0.001843
COV2-2955,385,T,P,0.001843,0.03415,0.001843
COV2-2955,385,T,Q,0.001777,0.03415,0.001843
COV2-2955,385,T,R,0.001791,0.03415,0.001843
COV2-2955,385,T,S,0.001771,0.03415,0.001843
COV2-2955,385,T,V,0.001789,0.03415,0.001843
COV2-2955,385,T,W,0.001794,0.03415,0.001843
COV2-2955,385,T,Y,0.001788,0.03415,0.001843
COV2-2955,386,K,A,0.001808,0.02881,0.001838
COV2-2955,386,K,C,0.001801,0.02881,0.001838
COV2-2955,386,K,D,0.001775,0.02881,0.001838
COV2-2955,386,K,E,0.00179,0.02881,0.001838
COV2-2955,386,K,G,0.001798,0.02881,0.001838
COV2-2955,386,K,H,0.001815,0.02881,0.001838
COV2-2955,386,K,I,0.001806,0.02881,0.001838
COV2-2955,386,K,L,0.001776,0.02881,0.001838
COV2-2955,386,K,M,0.001798,0.02881,0.001838
COV2-2955,386,K,N,0.001826,0.02881,0.001838
COV2-2955,386,K,Q,0.001785,0.02881,0.001838
COV2-2955,386,K,R,0.001787,0.02881,0.001838
COV2-2955,386,K,S,0.00182,0.02881,0.001838
COV2-2955,386,K,T,0.00178,0.02881,0.001838
COV2-2955,386,K,V,0.001838,0.02881,0.001838
COV2-2955,386,K,Y,0.001809,0.02881,0.001838
COV2-2955,387,L,I,0.001793,0.003561,0.001793
COV2-2955,387,L,M,0.001768,0.003561,0.001793
COV2-2955,388,N,A,0.001847,0.02529,0.001871
COV2-2955,388,N,D,0.001798,0.02529,0.001871
COV2-2955,388,N,E,0.001808,0.02529,0.001871
COV2-2955,388,N,G,0.001871,0.02529,0.001871
COV2-2955,388,N,H,0.001781,0.02529,0.001871
COV2-2955,388,N,K,0.001841,0.02529,0.001871
COV2-2955,388,N,L,0.001791,0.02529,0.001871
COV2-2955,388,N,M,0.00178,0.02529,0.001871
COV2-2955,388,N,P,0.00179,0.02529,0.001871
COV2-2955,388,N,Q,0.00178,0.02529,0.001871
COV2-2955,388,N,R,0.001789,0.02529,0.001871
COV2-2955,388,N,S,0.001827,0.02529,0.001871
COV2-2955,388,N,T,0.001798,0.02529,0.001871
COV2-2955,388,N,V,0.001792,0.02529,0.001871
COV2-2955,389,D,A,0.001785,0.02864,0.001822
COV2-2955,389,D,C,0.001792,0.02864,0.001822
COV2-2955,389,D,E,0.001805,0.02864,0.001822
COV2-2955,389,D,F,0.001794,0.02864,0.001822
COV2-2955,389,D,G,0.00178,0.02864,0.001822
COV2-2955,389,D,H,0.001791,0.02864,0.001822
COV2-2955,389,D,K,0.00179,0.02864,0.001822
COV2-2955,389,D,L,0.001779,0.02864,0.001822
COV2-2955,389,D,M,0.001804,0.02864,0.001822
COV2-2955,389,D,N,0.001822,0.02864,0.001822
COV2-2955,389,D,Q,0.001789,0.02864,0.001822
COV2-2955,389,D,R,0.001795,0.02864,0.001822
COV2-2955,389,D,S,0.001794,0.02864,0.001822
COV2-2955,389,D,T,0.001731,0.02864,0.001822
COV2-2955,389,D,W,0.001794,0.02864,0.001822
COV2-2955,389,D,Y,0.00179,0.02864,0.001822
COV2-2955,390,L,A,0.001764,0.03233,0.00185
COV2-2955,390,L,C,0.00185,0.03233,0.00185
COV2-2955,390,L,D,0.001796,0.03233,0.00185
COV2-2955,390,L,E,0.001827,0.03233,0.00185
COV2-2955,390,L,F,0.001777,0.03233,0.00185
COV2-2955,390,L,G,0.001791,0.03233,0.00185
COV2-2955,390,L,H,0.001764,0.03233,0.00185
COV2-2955,390,L,I,0.00178,0.03233,0.00185
COV2-2955,390,L,K,0.001802,0.03233,0.00185
COV2-2955,390,L,M,0.001773,0.03233,0.00185
COV2-2955,390,L,N,0.001824,0.03233,0.00185
COV2-2955,390,L,Q,0.001805,0.03233,0.00185
COV2-2955,390,L,R,0.001781,0.03233,0.00185
COV2-2955,390,L,S,0.001826,0.03233,0.00185
COV2-2955,390,L,T,0.001793,0.03233,0.00185
COV2-2955,390,L,V,0.001805,0.03233,0.00185
COV2-2955,390,L,W,0.001789,0.03233,0.00185
COV2-2955,390,L,Y,0.001783,0.03233,0.00185
COV2-2955,391,C,A,0.001793,0.03428,0.001846
COV2-2955,391,C,D,0.00181,0.03428,0.001846
COV2-2955,391,C,E,0.001824,0.03428,0.001846
COV2-2955,391,C,F,0.001803,0.03428,0.001846
COV2-2955,391,C,G,0.001832,0.03428,0.001846
COV2-2955,391,C,H,0.001759,0.03428,0.001846
COV2-2955,391,C,I,0.001828,0.03428,0.001846
COV2-2955,391,C,K,0.001784,0.03428,0.001846
COV2-2955,391,C,L,0.001836,0.03428,0.001846
COV2-2955,391,C,M,0.001811,0.03428,0.001846
COV2-2955,391,C,N,0.001846,0.03428,0.001846
COV2-2955,391,C,P,0.001795,0.03428,0.001846
COV2-2955,391,C,Q,0.001783,0.03428,0.001846
COV2-2955,391,C,R,0.001801,0.03428,0.001846
COV2-2955,391,C,S,0.001809,0.03428,0.001846
COV2-2955,391,C,T,0.001786,0.03428,0.001846
COV2-2955,391,C,V,0.001776,0.03428,0.001846
COV2-2955,391,C,W,0.001812,0.03428,0.001846
COV2-2955,391,C,Y,0.001794,0.03428,0.001846
COV2-2955,392,F,A,0.001848,0.03133,0.007816
COV2-2955,392,F,C,0.001789,0.03133,0.007816
COV2-2955,392,F,H,0.003767,0.03133,0.007816
COV2-2955,392,F,I,0.001793,0.03133,0.007816
COV2-2955,392,F,L,0.001765,0.03133,0.007816
COV2-2955,392,F,M,0.001788,0.03133,0.007816
COV2-2955,392,F,N,0.001792,0.03133,0.007816
COV2-2955,392,F,P,0.001791,0.03133,0.007816
COV2-2955,392,F,S,0.001787,0.03133,0.007816
COV2-2955,392,F,T,0.001792,0.03133,0.007816
COV2-2955,392,F,V,0.001769,0.03133,0.007816
COV2-2955,392,F,W,0.007816,0.03133,0.007816
COV2-2955,392,F,Y,0.001836,0.03133,0.007816
COV2-2955,393,T,A,0.001818,0.02886,0.001892
COV2-2955,393,T,C,0.001892,0.02886,0.001892
COV2-2955,393,T,D,0.001789,0.02886,0.001892
COV2-2955,393,T,E,0.001792,0.02886,0.001892
COV2-2955,393,T,G,0.001788,0.02886,0.001892
COV2-2955,393,T,H,0.001781,0.02886,0.001892
COV2-2955,393,T,I,0.001815,0.02886,0.001892
COV2-2955,393,T,K,0.001812,0.02886,0.001892
COV2-2955,393,T,L,0.00185,0.02886,0.001892
COV2-2955,393,T,M,0.001793,0.02886,0.001892
COV2-2955,393,T,N,0.001788,0.02886,0.001892
COV2-2955,393,T,Q,0.001802,0.02886,0.001892
COV2-2955,393,T,R,0.00179,0.02886,0.001892
COV2-2955,393,T,S,0.001774,0.02886,0.001892
COV2-2955,393,T,V,0.0018,0.02886,0.001892
COV2-2955,393,T,Y,0.001777,0.02886,0.001892
COV2-2955,394,N,A,0.001781,0.03411,0.001842
COV2-2955,394,N,C,0.001792,0.03411,0.001842
COV2-2955,394,N,D,0.001831,0.03411,0.001842
COV2-2955,394,N,E,0.001795,0.03411,0.001842
COV2-2955,394,N,F,0.001791,0.03411,0.001842
COV2-2955,394,N,G,0.001791,0.03411,0.001842
COV2-2955,394,N,H,0.001794,0.03411,0.001842
COV2-2955,394,N,I,0.001781,0.03411,0.001842
COV2-2955,394,N,K,0.001781,0.03411,0.001842
COV2-2955,394,N,L,0.00183,0.03411,0.001842
COV2-2955,394,N,M,0.001794,0.03411,0.001842
COV2-2955,394,N,P,0.001765,0.03411,0.001842
COV2-2955,394,N,Q,0.001842,0.03411,0.001842
COV2-2955,394,N,R,0.001825,0.03411,0.001842
COV2-2955,394,N,S,0.001779,0.03411,0.001842
COV2-2955,394,N,T,0.001808,0.03411,0.001842
COV2-2955,394,N,V,0.001778,0.03411,0.001842
COV2-2955,394,N,W,0.001792,0.03411,0.001842
COV2-2955,394,N,Y,0.001756,0.03411,0.001842
COV2-2955,395,V,A,0.001801,0.008971,0.001801
COV2-2955,395,V,G,0.001793,0.008971,0.001801
COV2-2955,395,V,I,0.00179,0.008971,0.001801
COV2-2955,395,V,L,0.001794,0.008971,0.001801
COV2-2955,395,V,M,0.001792,0.008971,0.001801
COV2-2955,396,Y,C,0.001788,0.04233,0.02437
COV2-2955,396,Y,F,0.001792,0.04233,0.02437
COV2-2955,396,Y,H,0.001775,0.04233,0.02437
COV2-2955,396,Y,I,0.001805,0.04233,0.02437
COV2-2955,396,Y,L,0.001797,0.04233,0.02437
COV2-2955,396,Y,M,0.00178,0.04233,0.02437
COV2-2955,396,Y,N,0.00179,0.04233,0.02437
COV2-2955,396,Y,S,0.02437,0.04233,0.02437
COV2-2955,396,Y,T,0.001842,0.04233,0.02437
COV2-2955,396,Y,V,0.001803,0.04233,0.02437
COV2-2955,396,Y,W,0.001793,0.04233,0.02437
COV2-2955,397,A,C,0.001794,0.007196,0.001818
COV2-2955,397,A,I,0.001794,0.007196,0.001818
COV2-2955,397,A,L,0.001791,0.007196,0.001818
COV2-2955,397,A,V,0.001818,0.007196,0.001818
COV2-2955,399,S,T,0.001794,0.001794,0.001794
COV2-2955,401,V,I,0.001791,0.001791,0.001791
COV2-2955,402,I,C,0.001794,0.005373,0.001794
COV2-2955,402,I,L,0.001789,0.005373,0.001794
COV2-2955,402,I,V,0.00179,0.005373,0.001794
COV2-2955,403,R,A,0.001791,0.008934,0.001792
COV2-2955,403,R,K,0.001792,0.008934,0.001792
COV2-2955,403,R,M,0.001784,0.008934,0.001792
COV2-2955,403,R,S,0.001774,0.008934,0.001792
COV2-2955,403,R,T,0.001792,0.008934,0.001792
COV2-2955,404,G,A,0.001841,0.003629,0.001841
COV2-2955,404,G,K,0.001788,0.003629,0.001841
COV2-2955,405,D,A,0.001792,0.01089,0.001871
COV2-2955,405,D,E,0.001794,0.01089,0.001871
COV2-2955,405,D,K,0.001787,0.01089,0.001871
COV2-2955,405,D,N,0.00185,0.01089,0.001871
COV2-2955,405,D,R,0.001871,0.01089,0.001871
COV2-2955,405,D,S,0.001797,0.01089,0.001871
COV2-2955,406,E,D,0.001792,0.6062,0.6026
COV2-2955,406,E,Q,0.00179,0.6062,0.6026
COV2-2955,406,E,W,0.6026,0.6062,0.6026
COV2-2955,407,V,I,0.001808,0.003605,0.001808
COV2-2955,407,V,L,0.001797,0.003605,0.001808
COV2-2955,408,R,A,0.001768,0.02325,0.001798
COV2-2955,408,R,C,0.001791,0.02325,0.001798
COV2-2955,408,R,E,0.001798,0.02325,0.001798
COV2-2955,408,R,F,0.001792,0.02325,0.001798
COV2-2955,408,R,G,0.001793,0.02325,0.001798
COV2-2955,408,R,H,0.001789,0.02325,0.001798
COV2-2955,408,R,K,0.001792,0.02325,0.001798
COV2-2955,408,R,L,0.001785,0.02325,0.001798
COV2-2955,408,R,P,0.001795,0.02325,0.001798
COV2-2955,408,R,S,0.001789,0.02325,0.001798
COV2-2955,408,R,T,0.001794,0.02325,0.001798
COV2-2955,408,R,V,0.001781,0.02325,0.001798
COV2-2955,408,R,W,0.001781,0.02325,0.001798
COV2-2955,409,Q,E,0.001789,0.001789,0.001789
COV2-2955,410,I,V,0.001791,0.001791,0.001791
COV2-2955,411,A,E,0.001791,0.008958,0.001811
COV2-2955,411,A,G,0.001785,0.008958,0.001811
COV2-2955,411,A,Q,0.001792,0.008958,0.001811
COV2-2955,411,A,R,0.001811,0.008958,0.001811
COV2-2955,411,A,S,0.001779,0.008958,0.001811
COV2-2955,413,G,A,0.001777,0.02152,0.001829
COV2-2955,413,G,C,0.001804,0.02152,0.001829
COV2-2955,413,G,F,0.001793,0.02152,0.001829
COV2-2955,413,G,H,0.001792,0.02152,0.001829
COV2-2955,413,G,K,0.001784,0.02152,0.001829
COV2-2955,413,G,L,0.001796,0.02152,0.001829
COV2-2955,413,G,M,0.001787,0.02152,0.001829
COV2-2955,413,G,N,0.001768,0.02152,0.001829
COV2-2955,413,G,Q,0.001829,0.02152,0.001829
COV2-2955,413,G,R,0.001817,0.02152,0.001829
COV2-2955,413,G,S,0.001784,0.02152,0.001829
COV2-2955,413,G,Y,0.001792,0.02152,0.001829
COV2-2955,414,Q,A,0.00179,0.0198,0.001823
COV2-2955,414,Q,C,0.001793,0.0198,0.001823
COV2-2955,414,Q,E,0.001791,0.0198,0.001823
COV2-2955,414,Q,G,0.001769,0.0198,0.001823
COV2-2955,414,Q,I,0.001809,0.0198,0.001823
COV2-2955,414,Q,K,0.001822,0.0198,0.001823
COV2-2955,414,Q,M,0.001816,0.0198,0.001823
COV2-2955,414,Q,R,0.001823,0.0198,0.001823
COV2-2955,414,Q,S,0.001789,0.0198,0.001823
COV2-2955,414,Q,T,0.001791,0.0198,0.001823
COV2-2955,414,Q,V,0.001804,0.0198,0.001823
COV2-2955,415,T,A,0.001791,0.02515,0.001827
COV2-2955,415,T,D,0.001816,0.02515,0.001827
COV2-2955,415,T,E,0.001789,0.02515,0.001827
COV2-2955,415,T,G,0.00179,0.02515,0.001827
COV2-2955,415,T,H,0.001793,0.02515,0.001827
COV2-2955,415,T,I,0.001801,0.02515,0.001827
COV2-2955,415,T,K,0.001827,0.02515,0.001827
COV2-2955,415,T,M,0.001794,0.02515,0.001827
COV2-2955,415,T,N,0.001797,0.02515,0.001827
COV2-2955,415,T,Q,0.00179,0.02515,0.001827
COV2-2955,415,T,R,0.001802,0.02515,0.001827
COV2-2955,415,T,S,0.001798,0.02515,0.001827
COV2-2955,415,T,V,0.001788,0.02515,0.001827
COV2-2955,415,T,Y,0.001772,0.02515,0.001827
COV2-2955,417,K,A,0.001784,0.03396,0.001814
COV2-2955,417,K,C,0.001794,0.03396,0.001814
COV2-2955,417,K,D,0.00179,0.03396,0.001814
COV2-2955,417,K,E,0.00176,0.03396,0.001814
COV2-2955,417,K,F,0.00179,0.03396,0.001814
COV2-2955,417,K,G,0.00176,0.03396,0.001814
COV2-2955,417,K,H,0.00179,0.03396,0.001814
COV2-2955,417,K,I,0.00178,0.03396,0.001814
COV2-2955,417,K,L,0.001794,0.03396,0.001814
COV2-2955,417,K,M,0.0018,0.03396,0.001814
COV2-2955,417,K,N,0.001788,0.03396,0.001814
COV2-2955,417,K,P,0.001789,0.03396,0.001814
COV2-2955,417,K,Q,0.001786,0.03396,0.001814
COV2-2955,417,K,R,0.001799,0.03396,0.001814
COV2-2955,417,K,S,0.001786,0.03396,0.001814
COV2-2955,417,K,T,0.001804,0.03396,0.001814
COV2-2955,417,K,V,0.001787,0.03396,0.001814
COV2-2955,417,K,W,0.001814,0.03396,0.001814
COV2-2955,417,K,Y,0.001763,0.03396,0.001814
COV2-2955,418,I,V,0.001817,0.001817,0.001817
COV2-2955,419,A,P,0.001784,0.003564,0.001784
COV2-2955,419,A,S,0.001779,0.003564,0.001784
COV2-2955,420,D,A,0.001804,0.01436,0.001824
COV2-2955,420,D,E,0.001809,0.01436,0.001824
COV2-2955,420,D,K,0.001786,0.01436,0.001824
COV2-2955,420,D,M,0.001789,0.01436,0.001824
COV2-2955,420,D,N,0.001783,0.01436,0.001824
COV2-2955,420,D,Q,0.001775,0.01436,0.001824
COV2-2955,420,D,R,0.001793,0.01436,0.001824
COV2-2955,420,D,S,0.001824,0.01436,0.001824
COV2-2955,421,Y,F,0.001795,0.01058,0.005203
COV2-2955,421,Y,L,0.005203,0.01058,0.005203
COV2-2955,421,Y,M,0.001801,0.01058,0.005203
COV2-2955,421,Y,W,0.001779,0.01058,0.005203
COV2-2955,424,K,H,0.001787,0.003608,0.001822
COV2-2955,424,K,R,0.001822,0.003608,0.001822
COV2-2955,425,L,I,0.00179,0.005357,0.001792
COV2-2955,425,L,M,0.001792,0.005357,0.001792
COV2-2955,425,L,V,0.001775,0.005357,0.001792
COV2-2955,427,D,A,0.001802,0.03238,0.001834
COV2-2955,427,D,E,0.001834,0.03238,0.001834
COV2-2955,427,D,F,0.001786,0.03238,0.001834
COV2-2955,427,D,G,0.001791,0.03238,0.001834
COV2-2955,427,D,H,0.001768,0.03238,0.001834
COV2-2955,427,D,I,0.001816,0.03238,0.001834
COV2-2955,427,D,K,0.001827,0.03238,0.001834
COV2-2955,427,D,L,0.001809,0.03238,0.001834
COV2-2955,427,D,M,0.001792,0.03238,0.001834
COV2-2955,427,D,N,0.001777,0.03238,0.001834
COV2-2955,427,D,P,0.001798,0.03238,0.001834
COV2-2955,427,D,Q,0.001793,0.03238,0.001834
COV2-2955,427,D,R,0.001775,0.03238,0.001834
COV2-2955,427,D,S,0.001813,0.03238,0.001834
COV2-2955,427,D,T,0.001781,0.03238,0.001834
COV2-2955,427,D,V,0.001786,0.03238,0.001834
COV2-2955,427,D,W,0.001797,0.03238,0.001834
COV2-2955,427,D,Y,0.001834,0.03238,0.001834
COV2-2955,428,D,A,0.001779,0.01972,0.001834
COV2-2955,428,D,E,0.001834,0.01972,0.001834
COV2-2955,428,D,G,0.00175,0.01972,0.001834
COV2-2955,428,D,H,0.001797,0.01972,0.001834
COV2-2955,428,D,K,0.001778,0.01972,0.001834
COV2-2955,428,D,N,0.001818,0.01972,0.001834
COV2-2955,428,D,P,0.001749,0.01972,0.001834
COV2-2955,428,D,Q,0.001795,0.01972,0.001834
COV2-2955,428,D,R,0.0018,0.01972,0.001834
COV2-2955,428,D,S,0.001801,0.01972,0.001834
COV2-2955,428,D,T,0.001822,0.01972,0.001834
COV2-2955,429,F,W,0.001793,0.001793,0.001793
COV2-2955,430,T,A,0.001799,0.02692,0.001826
COV2-2955,430,T,C,0.001798,0.02692,0.001826
COV2-2955,430,T,F,0.001784,0.02692,0.001826
COV2-2955,430,T,H,0.001796,0.02692,0.001826
COV2-2955,430,T,I,0.001804,0.02692,0.001826
COV2-2955,430,T,K,0.001793,0.02692,0.001826
COV2-2955,430,T,L,0.00177,0.02692,0.001826
COV2-2955,430,T,M,0.001817,0.02692,0.001826
COV2-2955,430,T,N,0.001781,0.02692,0.001826
COV2-2955,430,T,Q,0.00176,0.02692,0.001826
COV2-2955,430,T,R,0.001826,0.02692,0.001826
COV2-2955,430,T,S,0.001791,0.02692,0.001826
COV2-2955,430,T,V,0.001813,0.02692,0.001826
COV2-2955,430,T,W,0.001815,0.02692,0.001826
COV2-2955,430,T,Y,0.001776,0.02692,0.001826
COV2-2955,433,V,I,0.001779,0.001779,0.001779
COV2-2955,434,I,F,0.001763,0.01077,0.00182
COV2-2955,434,I,L,0.0018,0.01077,0.00182
COV2-2955,434,I,M,0.00182,0.01077,0.00182
COV2-2955,434,I,V,0.001788,0.01077,0.00182
COV2-2955,434,I,W,0.00179,0.01077,0.00182
COV2-2955,434,I,Y,0.001805,0.01077,0.00182
COV2-2955,435,A,S,0.001809,0.003638,0.001829
COV2-2955,435,A,T,0.001829,0.003638,0.001829
COV2-2955,437,N,P,0.001789,0.001789,0.001789
COV2-2955,438,S,A,0.001787,0.00358,0.001793
COV2-2955,438,S,T,0.001793,0.00358,0.001793
COV2-2955,439,N,D,0.001792,0.01798,0.001871
COV2-2955,439,N,H,0.001794,0.01798,0.001871
COV2-2955,439,N,K,0.001712,0.01798,0.001871
COV2-2955,439,N,L,0.001795,0.01798,0.001871
COV2-2955,439,N,M,0.001791,0.01798,0.001871
COV2-2955,439,N,Q,0.001793,0.01798,0.001871
COV2-2955,439,N,S,0.001871,0.01798,0.001871
COV2-2955,439,N,T,0.001798,0.01798,0.001871
COV2-2955,439,N,V,0.001811,0.01798,0.001871
COV2-2955,439,N,Y,0.001821,0.01798,0.001871
COV2-2955,440,N,A,0.001794,0.03219,0.001841
COV2-2955,440,N,C,0.001792,0.03219,0.001841
COV2-2955,440,N,D,0.001791,0.03219,0.001841
COV2-2955,440,N,E,0.00179,0.03219,0.001841
COV2-2955,440,N,F,0.001789,0.03219,0.001841
COV2-2955,440,N,G,0.001792,0.03219,0.001841
COV2-2955,440,N,H,0.001714,0.03219,0.001841
COV2-2955,440,N,I,0.001789,0.03219,0.001841
COV2-2955,440,N,K,0.001841,0.03219,0.001841
COV2-2955,440,N,L,0.001823,0.03219,0.001841
COV2-2955,440,N,M,0.001766,0.03219,0.001841
COV2-2955,440,N,P,0.001748,0.03219,0.001841
COV2-2955,440,N,Q,0.001791,0.03219,0.001841
COV2-2955,440,N,R,0.001789,0.03219,0.001841
COV2-2955,440,N,S,0.001785,0.03219,0.001841
COV2-2955,440,N,T,0.00182,0.03219,0.001841
COV2-2955,440,N,V,0.001784,0.03219,0.001841
COV2-2955,440,N,Y,0.001791,0.03219,0.001841
COV2-2955,441,L,A,0.001794,0.01614,0.001871
COV2-2955,441,L,F,0.001792,0.01614,0.001871
COV2-2955,441,L,H,0.00179,0.01614,0.001871
COV2-2955,441,L,I,0.001801,0.01614,0.001871
COV2-2955,441,L,Q,0.001796,0.01614,0.001871
COV2-2955,441,L,R,0.001871,0.01614,0.001871
COV2-2955,441,L,S,0.001792,0.01614,0.001871
COV2-2955,441,L,V,0.001791,0.01614,0.001871
COV2-2955,441,L,W,0.001713,0.01614,0.001871
COV2-2955,443,S,A,0.0018,0.01735,0.003955
COV2-2955,443,S,C,0.003955,0.01735,0.003955
COV2-2955,443,S,G,0.001791,0.01735,0.003955
COV2-2955,443,S,N,0.002682,0.01735,0.003955
COV2-2955,443,S,Q,0.001782,0.01735,0.003955
COV2-2955,443,S,T,0.001748,0.01735,0.003955
COV2-2955,443,S,V,0.001798,0.01735,0.003955
COV2-2955,443,S,Y,0.001794,0.01735,0.003955
COV2-2955,444,K,A,0.001802,0.03432,0.001985
COV2-2955,444,K,C,0.001798,0.03432,0.001985
COV2-2955,444,K,D,0.0018,0.03432,0.001985
COV2-2955,444,K,E,0.001803,0.03432,0.001985
COV2-2955,444,K,F,0.001789,0.03432,0.001985
COV2-2955,444,K,G,0.001985,0.03432,0.001985
COV2-2955,444,K,H,0.001801,0.03432,0.001985
COV2-2955,444,K,I,0.001777,0.03432,0.001985
COV2-2955,444,K,L,0.001765,0.03432,0.001985
COV2-2955,444,K,M,0.001788,0.03432,0.001985
COV2-2955,444,K,N,0.001803,0.03432,0.001985
COV2-2955,444,K,P,0.001793,0.03432,0.001985
COV2-2955,444,K,Q,0.001792,0.03432,0.001985
COV2-2955,444,K,R,0.001806,0.03432,0.001985
COV2-2955,444,K,S,0.001792,0.03432,0.001985
COV2-2955,444,K,T,0.001777,0.03432,0.001985
COV2-2955,444,K,V,0.001837,0.03432,0.001985
COV2-2955,444,K,W,0.001815,0.03432,0.001985
COV2-2955,444,K,Y,0.001792,0.03432,0.001985
COV2-2955,445,V,A,0.001788,0.03408,0.001809
COV2-2955,445,V,C,0.001792,0.03408,0.001809
COV2-2955,445,V,D,0.001791,0.03408,0.001809
COV2-2955,445,V,E,0.0018,0.03408,0.001809
COV2-2955,445,V,F,0.001786,0.03408,0.001809
COV2-2955,445,V,G,0.001793,0.03408,0.001809
COV2-2955,445,V,H,0.001788,0.03408,0.001809
COV2-2955,445,V,I,0.0018,0.03408,0.001809
COV2-2955,445,V,K,0.001791,0.03408,0.001809
COV2-2955,445,V,L,0.001789,0.03408,0.001809
COV2-2955,445,V,M,0.001787,0.03408,0.001809
COV2-2955,445,V,N,0.001792,0.03408,0.001809
COV2-2955,445,V,P,0.001799,0.03408,0.001809
COV2-2955,445,V,Q,0.001794,0.03408,0.001809
COV2-2955,445,V,R,0.001806,0.03408,0.001809
COV2-2955,445,V,S,0.001809,0.03408,0.001809
COV2-2955,445,V,T,0.001792,0.03408,0.001809
COV2-2955,445,V,W,0.001792,0.03408,0.001809
COV2-2955,445,V,Y,0.001787,0.03408,0.001809
COV2-2955,446,G,A,0.00179,0.07319,0.0389
COV2-2955,446,G,C,0.0389,0.07319,0.0389
COV2-2955,446,G,D,0.001791,0.07319,0.0389
COV2-2955,446,G,E,0.001793,0.07319,0.0389
COV2-2955,446,G,F,0.001794,0.07319,0.0389
COV2-2955,446,G,H,0.001787,0.07319,0.0389
COV2-2955,446,G,I,0.001807,0.07319,0.0389
COV2-2955,446,G,K,0.001794,0.07319,0.0389
COV2-2955,446,G,L,0.001789,0.07319,0.0389
COV2-2955,446,G,M,0.001793,0.07319,0.0389
COV2-2955,446,G,N,0.001822,0.07319,0.0389
COV2-2955,446,G,P,0.00179,0.07319,0.0389
COV2-2955,446,G,Q,0.001795,0.07319,0.0389
COV2-2955,446,G,R,0.001822,0.07319,0.0389
COV2-2955,446,G,S,0.003781,0.07319,0.0389
COV2-2955,446,G,T,0.001792,0.07319,0.0389
COV2-2955,446,G,V,0.001786,0.07319,0.0389
COV2-2955,446,G,W,0.00177,0.07319,0.0389
COV2-2955,446,G,Y,0.001791,0.07319,0.0389
COV2-2955,447,G,A,0.02721,2.954,0.789
COV2-2955,447,G,C,0.02364,2.954,0.789
COV2-2955,447,G,D,0.789,2.954,0.789
COV2-2955,447,G,E,0.7823,2.954,0.789
COV2-2955,447,G,F,0.07741,2.954,0.789
COV2-2955,447,G,H,0.2291,2.954,0.789
COV2-2955,447,G,I,0.006989,2.954,0.789
COV2-2955,447,G,K,0.05154,2.954,0.789
COV2-2955,447,G,L,0.004254,2.954,0.789
COV2-2955,447,G,M,0.03846,2.954,0.789
COV2-2955,447,G,N,0.2604,2.954,0.789
COV2-2955,447,G,P,0.02167,2.954,0.789
COV2-2955,447,G,Q,0.4028,2.954,0.789
COV2-2955,447,G,R,0.05291,2.954,0.789
COV2-2955,447,G,S,0.09058,2.954,0.789
COV2-2955,447,G,T,0.03441,2.954,0.789
COV2-2955,447,G,V,0.03281,2.954,0.789
COV2-2955,447,G,Y,0.02881,2.954,0.789
COV2-2955,448,N,A,0.001792,0.6977,0.5919
COV2-2955,448,N,C,0.001804,0.6977,0.5919
COV2-2955,448,N,D,0.02746,0.6977,0.5919
COV2-2955,448,N,E,0.001814,0.6977,0.5919
COV2-2955,448,N,G,0.002858,0.6977,0.5919
COV2-2955,448,N,H,0.001795,0.6977,0.5919
COV2-2955,448,N,K,0.001779,0.6977,0.5919
COV2-2955,448,N,P,0.5919,0.6977,0.5919
COV2-2955,448,N,Q,0.01399,0.6977,0.5919
COV2-2955,448,N,R,0.001794,0.6977,0.5919
COV2-2955,448,N,S,0.004332,0.6977,0.5919
COV2-2955,448,N,T,0.001824,0.6977,0.5919
COV2-2955,448,N,V,0.01884,0.6977,0.5919
COV2-2955,448,N,Y,0.02566,0.6977,0.5919
COV2-2955,449,Y,A,0.7686,10.94,0.9826
COV2-2955,449,Y,C,0.1798,10.94,0.9826
COV2-2955,449,Y,D,0.02301,10.94,0.9826
COV2-2955,449,Y,E,0.9491,10.94,0.9826
COV2-2955,449,Y,F,0.001789,10.94,0.9826
COV2-2955,449,Y,G,0.01151,10.94,0.9826
COV2-2955,449,Y,H,0.04826,10.94,0.9826
COV2-2955,449,Y,I,0.8317,10.94,0.9826
COV2-2955,449,Y,K,0.975,10.94,0.9826
COV2-2955,449,Y,L,0.9429,10.94,0.9826
COV2-2955,449,Y,M,0.8399,10.94,0.9826
COV2-2955,449,Y,N,0.8776,10.94,0.9826
COV2-2955,449,Y,P,0.9826,10.94,0.9826
COV2-2955,449,Y,Q,0.8987,10.94,0.9826
COV2-2955,449,Y,R,0.9384,10.94,0.9826
COV2-2955,449,Y,S,0.1237,10.94,0.9826
COV2-2955,449,Y,T,0.7523,10.94,0.9826
COV2-2955,449,Y,V,0.7923,10.94,0.9826
COV2-2955,449,Y,W,0.001792,10.94,0.9826
COV2-2955,450,N,A,0.00173,1.325,0.6605
COV2-2955,450,N,C,0.001794,1.325,0.6605
COV2-2955,450,N,D,0.6343,1.325,0.6605
COV2-2955,450,N,E,0.001788,1.325,0.6605
COV2-2955,450,N,F,0.001725,1.325,0.6605
COV2-2955,450,N,G,0.001752,1.325,0.6605
COV2-2955,450,N,H,0.00179,1.325,0.6605
COV2-2955,450,N,I,0.001778,1.325,0.6605
COV2-2955,450,N,K,0.001788,1.325,0.6605
COV2-2955,450,N,L,0.001808,1.325,0.6605
COV2-2955,450,N,M,0.001811,1.325,0.6605
COV2-2955,450,N,P,0.6605,1.325,0.6605
COV2-2955,450,N,Q,0.001785,1.325,0.6605
COV2-2955,450,N,R,0.001786,1.325,0.6605
COV2-2955,450,N,S,0.001794,1.325,0.6605
COV2-2955,450,N,T,0.001785,1.325,0.6605
COV2-2955,450,N,V,0.001797,1.325,0.6605
COV2-2955,450,N,W,0.001789,1.325,0.6605
COV2-2955,450,N,Y,0.001791,1.325,0.6605
COV2-2955,451,Y,F,0.001789,0.01075,0.001802
COV2-2955,451,Y,H,0.001793,0.01075,0.001802
COV2-2955,451,Y,I,0.001789,0.01075,0.001802
COV2-2955,451,Y,L,0.00179,0.01075,0.001802
COV2-2955,451,Y,M,0.001802,0.01075,0.001802
COV2-2955,451,Y,Q,0.001789,0.01075,0.001802
COV2-2955,452,L,A,0.983,14.7,0.9836
COV2-2955,452,L,C,0.629,14.7,0.9836
COV2-2955,452,L,D,0.9544,14.7,0.9836
COV2-2955,452,L,E,0.9609,14.7,0.9836
COV2-2955,452,L,F,0.902,14.7,0.9836
COV2-2955,452,L,G,0.9579,14.7,0.9836
COV2-2955,452,L,H,0.9662,14.7,0.9836
COV2-2955,452,L,I,0.01314,14.7,0.9836
COV2-2955,452,L,K,0.9717,14.7,0.9836
COV2-2955,452,L,M,0.07621,14.7,0.9836
COV2-2955,452,L,N,0.8975,14.7,0.9836
COV2-2955,452,L,Q,0.9816,14.7,0.9836
COV2-2955,452,L,R,0.9836,14.7,0.9836
COV2-2955,452,L,S,0.9749,14.7,0.9836
COV2-2955,452,L,T,0.9771,14.7,0.9836
COV2-2955,452,L,V,0.5449,14.7,0.9836
COV2-2955,452,L,W,0.9573,14.7,0.9836
COV2-2955,452,L,Y,0.9647,14.7,0.9836
COV2-2955,453,Y,A,0.001798,0.01948,0.006915
COV2-2955,453,Y,F,0.001785,0.01948,0.006915
COV2-2955,453,Y,H,0.001791,0.01948,0.006915
COV2-2955,453,Y,K,0.001809,0.01948,0.006915
COV2-2955,453,Y,M,0.001791,0.01948,0.006915
COV2-2955,453,Y,R,0.006915,0.01948,0.006915
COV2-2955,453,Y,S,0.001795,0.01948,0.006915
COV2-2955,453,Y,V,0.001791,0.01948,0.006915
COV2-2955,455,L,A,0.001796,0.0401,0.01282
COV2-2955,455,L,C,0.00178,0.0401,0.01282
COV2-2955,455,L,E,0.001812,0.0401,0.01282
COV2-2955,455,L,F,0.001785,0.0401,0.01282
COV2-2955,455,L,G,0.001794,0.0401,0.01282
COV2-2955,455,L,H,0.001757,0.0401,0.01282
COV2-2955,455,L,I,0.001797,0.0401,0.01282
COV2-2955,455,L,M,0.001795,0.0401,0.01282
COV2-2955,455,L,N,0.001787,0.0401,0.01282
COV2-2955,455,L,P,0.01282,0.0401,0.01282
COV2-2955,455,L,R,0.001784,0.0401,0.01282
COV2-2955,455,L,S,0.001787,0.0401,0.01282
COV2-2955,455,L,T,0.001814,0.0401,0.01282
COV2-2955,455,L,V,0.001789,0.0401,0.01282
COV2-2955,455,L,W,0.002216,0.0401,0.01282
COV2-2955,455,L,Y,0.001791,0.0401,0.01282
COV2-2955,456,F,A,0.001793,0.04934,0.01925
COV2-2955,456,F,C,0.00179,0.04934,0.01925
COV2-2955,456,F,G,0.01925,0.04934,0.01925
COV2-2955,456,F,H,0.001791,0.04934,0.01925
COV2-2955,456,F,I,0.001813,0.04934,0.01925
COV2-2955,456,F,K,0.001803,0.04934,0.01925
COV2-2955,456,F,L,0.001819,0.04934,0.01925
COV2-2955,456,F,M,0.001794,0.04934,0.01925
COV2-2955,456,F,Q,0.001796,0.04934,0.01925
COV2-2955,456,F,R,0.001768,0.04934,0.01925
COV2-2955,456,F,T,0.001743,0.04934,0.01925
COV2-2955,456,F,V,0.008594,0.04934,0.01925
COV2-2955,456,F,W,0.001797,0.04934,0.01925
COV2-2955,456,F,Y,0.00179,0.04934,0.01925
COV2-2955,458,K,A,0.001787,0.0323,0.00185
COV2-2955,458,K,D,0.001789,0.0323,0.00185
COV2-2955,458,K,E,0.001725,0.0323,0.00185
COV2-2955,458,K,F,0.001778,0.0323,0.00185
COV2-2955,458,K,G,0.001802,0.0323,0.00185
COV2-2955,458,K,H,0.001802,0.0323,0.00185
COV2-2955,458,K,I,0.00185,0.0323,0.00185
COV2-2955,458,K,L,0.001829,0.0323,0.00185
COV2-2955,458,K,M,0.001789,0.0323,0.00185
COV2-2955,458,K,N,0.001786,0.0323,0.00185
COV2-2955,458,K,P,0.001811,0.0323,0.00185
COV2-2955,458,K,Q,0.001791,0.0323,0.00185
COV2-2955,458,K,R,0.001775,0.0323,0.00185
COV2-2955,458,K,S,0.001805,0.0323,0.00185
COV2-2955,458,K,T,0.001782,0.0323,0.00185
COV2-2955,458,K,V,0.001799,0.0323,0.00185
COV2-2955,458,K,W,0.001805,0.0323,0.00185
COV2-2955,458,K,Y,0.001791,0.0323,0.00185
COV2-2955,459,S,A,0.001815,0.0326,0.001911
COV2-2955,459,S,C,0.001813,0.0326,0.001911
COV2-2955,459,S,D,0.0018,0.0326,0.001911
COV2-2955,459,S,E,0.001796,0.0326,0.001911
COV2-2955,459,S,F,0.001806,0.0326,0.001911
COV2-2955,459,S,G,0.001814,0.0326,0.001911
COV2-2955,459,S,H,0.001833,0.0326,0.001911
COV2-2955,459,S,I,0.001743,0.0326,0.001911
COV2-2955,459,S,K,0.001811,0.0326,0.001911
COV2-2955,459,S,L,0.001799,0.0326,0.001911
COV2-2955,459,S,M,0.001836,0.0326,0.001911
COV2-2955,459,S,N,0.001803,0.0326,0.001911
COV2-2955,459,S,P,0.001911,0.0326,0.001911
COV2-2955,459,S,Q,0.001769,0.0326,0.001911
COV2-2955,459,S,R,0.001785,0.0326,0.001911
COV2-2955,459,S,T,0.001832,0.0326,0.001911
COV2-2955,459,S,V,0.001817,0.0326,0.001911
COV2-2955,459,S,Y,0.001813,0.0326,0.001911
COV2-2955,460,N,A,0.00179,0.0322,0.001811
COV2-2955,460,N,C,0.00179,0.0322,0.001811
COV2-2955,460,N,D,0.001775,0.0322,0.001811
COV2-2955,460,N,E,0.001797,0.0322,0.001811
COV2-2955,460,N,F,0.001779,0.0322,0.001811
COV2-2955,460,N,G,0.001791,0.0322,0.001811
COV2-2955,460,N,H,0.00178,0.0322,0.001811
COV2-2955,460,N,I,0.001791,0.0322,0.001811
COV2-2955,460,N,K,0.001787,0.0322,0.001811
COV2-2955,460,N,L,0.001788,0.0322,0.001811
COV2-2955,460,N,M,0.001789,0.0322,0.001811
COV2-2955,460,N,P,0.001811,0.0322,0.001811
COV2-2955,460,N,Q,0.001791,0.0322,0.001811
COV2-2955,460,N,R,0.001785,0.0322,0.001811
COV2-2955,460,N,S,0.00175,0.0322,0.001811
COV2-2955,460,N,T,0.001786,0.0322,0.001811
COV2-2955,460,N,V,0.001804,0.0322,0.001811
COV2-2955,460,N,Y,0.001809,0.0322,0.001811
COV2-2955,461,L,I,0.001791,0.00535,0.001791
COV2-2955,461,L,M,0.00179,0.00535,0.001791
COV2-2955,461,L,V,0.001769,0.00535,0.001791
COV2-2955,462,K,A,0.001793,0.03043,0.001812
COV2-2955,462,K,C,0.001783,0.03043,0.001812
COV2-2955,462,K,D,0.001791,0.03043,0.001812
COV2-2955,462,K,E,0.001787,0.03043,0.001812
COV2-2955,462,K,F,0.001791,0.03043,0.001812
COV2-2955,462,K,G,0.00179,0.03043,0.001812
COV2-2955,462,K,H,0.001791,0.03043,0.001812
COV2-2955,462,K,I,0.001792,0.03043,0.001812
COV2-2955,462,K,L,0.001793,0.03043,0.001812
COV2-2955,462,K,M,0.001792,0.03043,0.001812
COV2-2955,462,K,N,0.00176,0.03043,0.001812
COV2-2955,462,K,Q,0.001785,0.03043,0.001812
COV2-2955,462,K,R,0.001793,0.03043,0.001812
COV2-2955,462,K,S,0.001812,0.03043,0.001812
COV2-2955,462,K,T,0.001795,0.03043,0.001812
COV2-2955,462,K,V,0.001792,0.03043,0.001812
COV2-2955,462,K,Y,0.001791,0.03043,0.001812
COV2-2955,463,P,A,0.001792,0.001792,0.001792
COV2-2955,464,F,A,0.001776,0.02022,0.004158
COV2-2955,464,F,G,0.00177,0.02022,0.004158
COV2-2955,464,F,H,0.001784,0.02022,0.004158
COV2-2955,464,F,L,0.001834,0.02022,0.004158
COV2-2955,464,F,M,0.00179,0.02022,0.004158
COV2-2955,464,F,N,0.001788,0.02022,0.004158
COV2-2955,464,F,Q,0.004158,0.02022,0.004158
COV2-2955,464,F,S,0.001796,0.02022,0.004158
COV2-2955,464,F,W,0.001784,0.02022,0.004158
COV2-2955,464,F,Y,0.001741,0.02022,0.004158
COV2-2955,465,E,D,0.001791,0.007173,0.001812
COV2-2955,465,E,G,0.001764,0.007173,0.001812
COV2-2955,465,E,H,0.001812,0.007173,0.001812
COV2-2955,465,E,Q,0.001806,0.007173,0.001812
COV2-2955,466,R,H,0.001791,0.01372,0.01013
COV2-2955,466,R,K,0.001798,0.01372,0.01013
COV2-2955,466,R,Q,0.01013,0.01372,0.01013
COV2-2955,468,I,A,0.001795,0.3241,0.0768
COV2-2955,468,I,C,0.001791,0.3241,0.0768
COV2-2955,468,I,D,0.02388,0.3241,0.0768
COV2-2955,468,I,E,0.0643,0.3241,0.0768
COV2-2955,468,I,G,0.0768,0.3241,0.0768
COV2-2955,468,I,H,0.0289,0.3241,0.0768
COV2-2955,468,I,K,0.001794,0.3241,0.0768
COV2-2955,468,I,L,0.001832,0.3241,0.0768
COV2-2955,468,I,M,0.001791,0.3241,0.0768
COV2-2955,468,I,N,0.0659,0.3241,0.0768
COV2-2955,468,I,P,0.0313,0.3241,0.0768
COV2-2955,468,I,Q,0.001792,0.3241,0.0768
COV2-2955,468,I,R,0.001813,0.3241,0.0768
COV2-2955,468,I,S,0.015,0.3241,0.0768
COV2-2955,468,I,T,0.001803,0.3241,0.0768
COV2-2955,468,I,V,0.001833,0.3241,0.0768
COV2-2955,468,I,Y,0.001803,0.3241,0.0768
COV2-2955,469,S,A,0.001811,0.01793,0.001811
COV2-2955,469,S,C,0.001796,0.01793,0.001811
COV2-2955,469,S,D,0.001777,0.01793,0.001811
COV2-2955,469,S,E,0.001792,0.01793,0.001811
COV2-2955,469,S,G,0.001787,0.01793,0.001811
COV2-2955,469,S,K,0.001791,0.01793,0.001811
COV2-2955,469,S,N,0.001804,0.01793,0.001811
COV2-2955,469,S,Q,0.001791,0.01793,0.001811
COV2-2955,469,S,R,0.001797,0.01793,0.001811
COV2-2955,469,S,T,0.001788,0.01793,0.001811
COV2-2955,470,T,A,0.001802,5.283,0.9515
COV2-2955,470,T,C,0.001797,5.283,0.9515
COV2-2955,470,T,D,0.7101,5.283,0.9515
COV2-2955,470,T,E,0.9515,5.283,0.9515
COV2-2955,470,T,F,0.001713,5.283,0.9515
COV2-2955,470,T,G,0.3463,5.283,0.9515
COV2-2955,470,T,H,0.04462,5.283,0.9515
COV2-2955,470,T,I,0.001734,5.283,0.9515
COV2-2955,470,T,K,0.9191,5.283,0.9515
COV2-2955,470,T,L,0.00179,5.283,0.9515
COV2-2955,470,T,M,0.00183,5.283,0.9515
COV2-2955,470,T,N,0.6526,5.283,0.9515
COV2-2955,470,T,Q,0.7631,5.283,0.9515
COV2-2955,470,T,R,0.8432,5.283,0.9515
COV2-2955,470,T,S,0.03824,5.283,0.9515
COV2-2955,470,T,V,0.001784,5.283,0.9515
COV2-2955,470,T,Y,0.001901,5.283,0.9515
COV2-2955,471,E,A,0.001787,0.04443,0.01372
COV2-2955,471,E,C,0.001793,0.04443,0.01372
COV2-2955,471,E,D,0.001779,0.04443,0.01372
COV2-2955,471,E,F,0.001797,0.04443,0.01372
COV2-2955,471,E,G,0.001784,0.04443,0.01372
COV2-2955,471,E,H,0.001803,0.04443,0.01372
COV2-2955,471,E,I,0.001816,0.04443,0.01372
COV2-2955,471,E,K,0.001829,0.04443,0.01372
COV2-2955,471,E,L,0.001835,0.04443,0.01372
COV2-2955,471,E,M,0.001796,0.04443,0.01372
COV2-2955,471,E,N,0.001808,0.04443,0.01372
COV2-2955,471,E,P,0.01372,0.04443,0.01372
COV2-2955,471,E,Q,0.00181,0.04443,0.01372
COV2-2955,471,E,R,0.001851,0.04443,0.01372
COV2-2955,471,E,S,0.001768,0.04443,0.01372
COV2-2955,471,E,T,0.00178,0.04443,0.01372
COV2-2955,471,E,V,0.001824,0.04443,0.01372
COV2-2955,471,E,Y,0.001851,0.04443,0.01372
COV2-2955,472,I,A,0.006477,2.357,0.7237
COV2-2955,472,I,C,0.001816,2.357,0.7237
COV2-2955,472,I,D,0.6911,2.357,0.7237
COV2-2955,472,I,E,0.02609,2.357,0.7237
COV2-2955,472,I,F,0.00225,2.357,0.7237
COV2-2955,472,I,G,0.1367,2.357,0.7237
COV2-2955,472,I,H,0.01224,2.357,0.7237
COV2-2955,472,I,K,0.546,2.357,0.7237
COV2-2955,472,I,L,0.002004,2.357,0.7237
COV2-2955,472,I,M,0.001786,2.357,0.7237
COV2-2955,472,I,N,0.05389,2.357,0.7237
COV2-2955,472,I,P,0.001763,2.357,0.7237
COV2-2955,472,I,Q,0.001796,2.357,0.7237
COV2-2955,472,I,S,0.001797,2.357,0.7237
COV2-2955,472,I,T,0.01225,2.357,0.7237
COV2-2955,472,I,V,0.001789,2.357,0.7237
COV2-2955,472,I,W,0.7237,2.357,0.7237
COV2-2955,472,I,Y,0.1331,2.357,0.7237
COV2-2955,473,Y,A,0.001795,0.02513,0.001837
COV2-2955,473,Y,C,0.001796,0.02513,0.001837
COV2-2955,473,Y,E,0.001792,0.02513,0.001837
COV2-2955,473,Y,F,0.001779,0.02513,0.001837
COV2-2955,473,Y,H,0.001791,0.02513,0.001837
COV2-2955,473,Y,I,0.001792,0.02513,0.001837
COV2-2955,473,Y,L,0.00181,0.02513,0.001837
COV2-2955,473,Y,M,0.001837,0.02513,0.001837
COV2-2955,473,Y,N,0.00179,0.02513,0.001837
COV2-2955,473,Y,Q,0.001768,0.02513,0.001837
COV2-2955,473,Y,S,0.001792,0.02513,0.001837
COV2-2955,473,Y,T,0.001792,0.02513,0.001837
COV2-2955,473,Y,V,0.001805,0.02513,0.001837
COV2-2955,473,Y,W,0.001791,0.02513,0.001837
COV2-2955,474,Q,A,0.001721,0.02323,0.001803
COV2-2955,474,Q,D,0.001795,0.02323,0.001803
COV2-2955,474,Q,E,0.001793,0.02323,0.001803
COV2-2955,474,Q,G,0.001797,0.02323,0.001803
COV2-2955,474,Q,H,0.00179,0.02323,0.001803
COV2-2955,474,Q,K,0.001793,0.02323,0.001803
COV2-2955,474,Q,M,0.001784,0.02323,0.001803
COV2-2955,474,Q,N,0.001794,0.02323,0.001803
COV2-2955,474,Q,P,0.001784,0.02323,0.001803
COV2-2955,474,Q,R,0.001792,0.02323,0.001803
COV2-2955,474,Q,S,0.001791,0.02323,0.001803
COV2-2955,474,Q,T,0.001803,0.02323,0.001803
COV2-2955,474,Q,V,0.001793,0.02323,0.001803
COV2-2955,475,A,C,0.00179,0.02864,0.001814
COV2-2955,475,A,D,0.001795,0.02864,0.001814
COV2-2955,475,A,E,0.001792,0.02864,0.001814
COV2-2955,475,A,F,0.001792,0.02864,0.001814
COV2-2955,475,A,G,0.001782,0.02864,0.001814
COV2-2955,475,A,I,0.001806,0.02864,0.001814
COV2-2955,475,A,K,0.001787,0.02864,0.001814
COV2-2955,475,A,L,0.001786,0.02864,0.001814
COV2-2955,475,A,M,0.001791,0.02864,0.001814
COV2-2955,475,A,N,0.001792,0.02864,0.001814
COV2-2955,475,A,Q,0.001792,0.02864,0.001814
COV2-2955,475,A,R,0.001789,0.02864,0.001814
COV2-2955,475,A,S,0.001814,0.02864,0.001814
COV2-2955,475,A,T,0.001758,0.02864,0.001814
COV2-2955,475,A,V,0.001785,0.02864,0.001814
COV2-2955,475,A,Y,0.001788,0.02864,0.001814
COV2-2955,476,G,A,0.001828,0.018,0.001829
COV2-2955,476,G,D,0.001821,0.018,0.001829
COV2-2955,476,G,E,0.001791,0.018,0.001829
COV2-2955,476,G,H,0.001795,0.018,0.001829
COV2-2955,476,G,K,0.001829,0.018,0.001829
COV2-2955,476,G,N,0.00178,0.018,0.001829
COV2-2955,476,G,Q,0.001796,0.018,0.001829
COV2-2955,476,G,R,0.001794,0.018,0.001829
COV2-2955,476,G,S,0.001788,0.018,0.001829
COV2-2955,476,G,T,0.00178,0.018,0.001829
COV2-2955,477,S,A,0.001792,0.02889,0.001871
COV2-2955,477,S,C,0.001805,0.02889,0.001871
COV2-2955,477,S,D,0.001791,0.02889,0.001871
COV2-2955,477,S,F,0.001797,0.02889,0.001871
COV2-2955,477,S,G,0.001792,0.02889,0.001871
COV2-2955,477,S,H,0.001871,0.02889,0.001871
COV2-2955,477,S,I,0.001791,0.02889,0.001871
COV2-2955,477,S,L,0.001786,0.02889,0.001871
COV2-2955,477,S,N,0.001805,0.02889,0.001871
COV2-2955,477,S,P,0.001792,0.02889,0.001871
COV2-2955,477,S,Q,0.001799,0.02889,0.001871
COV2-2955,477,S,R,0.001789,0.02889,0.001871
COV2-2955,477,S,T,0.001804,0.02889,0.001871
COV2-2955,477,S,V,0.001801,0.02889,0.001871
COV2-2955,477,S,W,0.001871,0.02889,0.001871
COV2-2955,477,S,Y,0.001807,0.02889,0.001871
COV2-2955,478,T,A,0.001779,0.03396,0.001824
COV2-2955,478,T,C,0.001792,0.03396,0.001824
COV2-2955,478,T,D,0.001786,0.03396,0.001824
COV2-2955,478,T,E,0.001799,0.03396,0.001824
COV2-2955,478,T,F,0.001771,0.03396,0.001824
COV2-2955,478,T,G,0.001801,0.03396,0.001824
COV2-2955,478,T,H,0.001773,0.03396,0.001824
COV2-2955,478,T,I,0.00178,0.03396,0.001824
COV2-2955,478,T,K,0.001824,0.03396,0.001824
COV2-2955,478,T,L,0.001772,0.03396,0.001824
COV2-2955,478,T,M,0.001786,0.03396,0.001824
COV2-2955,478,T,N,0.00181,0.03396,0.001824
COV2-2955,478,T,P,0.001794,0.03396,0.001824
COV2-2955,478,T,Q,0.001777,0.03396,0.001824
COV2-2955,478,T,R,0.001772,0.03396,0.001824
COV2-2955,478,T,S,0.001791,0.03396,0.001824
COV2-2955,478,T,V,0.001774,0.03396,0.001824
COV2-2955,478,T,W,0.00179,0.03396,0.001824
COV2-2955,478,T,Y,0.001792,0.03396,0.001824
COV2-2955,479,P,A,0.001801,0.03223,0.001832
COV2-2955,479,P,C,0.001786,0.03223,0.001832
COV2-2955,479,P,D,0.001792,0.03223,0.001832
COV2-2955,479,P,E,0.001773,0.03223,0.001832
COV2-2955,479,P,F,0.001762,0.03223,0.001832
COV2-2955,479,P,G,0.001795,0.03223,0.001832
COV2-2955,479,P,H,0.001805,0.03223,0.001832
COV2-2955,479,P,I,0.001785,0.03223,0.001832
COV2-2955,479,P,K,0.001789,0.03223,0.001832
COV2-2955,479,P,L,0.001801,0.03223,0.001832
COV2-2955,479,P,M,0.001791,0.03223,0.001832
COV2-2955,479,P,N,0.001795,0.03223,0.001832
COV2-2955,479,P,Q,0.001796,0.03223,0.001832
COV2-2955,479,P,R,0.001832,0.03223,0.001832
COV2-2955,479,P,S,0.001762,0.03223,0.001832
COV2-2955,479,P,T,0.001772,0.03223,0.001832
COV2-2955,479,P,V,0.00179,0.03223,0.001832
COV2-2955,479,P,Y,0.001807,0.03223,0.001832
COV2-2955,481,N,A,0.001792,0.05606,0.01665
COV2-2955,481,N,C,0.001791,0.05606,0.01665
COV2-2955,481,N,D,0.001799,0.05606,0.01665
COV2-2955,481,N,E,0.001797,0.05606,0.01665
COV2-2955,481,N,F,0.001772,0.05606,0.01665
COV2-2955,481,N,G,0.001792,0.05606,0.01665
COV2-2955,481,N,H,0.001805,0.05606,0.01665
COV2-2955,481,N,I,0.01665,0.05606,0.01665
COV2-2955,481,N,K,0.001826,0.05606,0.01665
COV2-2955,481,N,L,0.001815,0.05606,0.01665
COV2-2955,481,N,M,0.001746,0.05606,0.01665
COV2-2955,481,N,P,0.001789,0.05606,0.01665
COV2-2955,481,N,Q,0.00179,0.05606,0.01665
COV2-2955,481,N,R,0.001793,0.05606,0.01665
COV2-2955,481,N,S,0.001785,0.05606,0.01665
COV2-2955,481,N,T,0.01077,0.05606,0.01665
COV2-2955,481,N,V,0.00178,0.05606,0.01665
COV2-2955,481,N,Y,0.001772,0.05606,0.01665
COV2-2955,482,G,A,0.001838,0.03759,0.0121
COV2-2955,482,G,C,0.001776,0.03759,0.0121
COV2-2955,482,G,D,0.00177,0.03759,0.0121
COV2-2955,482,G,F,0.001765,0.03759,0.0121
COV2-2955,482,G,H,0.001812,0.03759,0.0121
COV2-2955,482,G,K,0.001786,0.03759,0.0121
COV2-2955,482,G,L,0.001847,0.03759,0.0121
COV2-2955,482,G,N,0.001808,0.03759,0.0121
COV2-2955,482,G,P,0.0121,0.03759,0.0121
COV2-2955,482,G,Q,0.001796,0.03759,0.0121
COV2-2955,482,G,R,0.001797,0.03759,0.0121
COV2-2955,482,G,S,0.001813,0.03759,0.0121
COV2-2955,482,G,T,0.003856,0.03759,0.0121
COV2-2955,482,G,Y,0.001822,0.03759,0.0121
COV2-2955,483,V,A,0.0017,0.03172,0.0018
COV2-2955,483,V,C,0.001669,0.03172,0.0018
COV2-2955,483,V,D,0.001787,0.03172,0.0018
COV2-2955,483,V,E,0.001658,0.03172,0.0018
COV2-2955,483,V,F,0.001791,0.03172,0.0018
COV2-2955,483,V,G,0.0018,0.03172,0.0018
COV2-2955,483,V,H,0.00179,0.03172,0.0018
COV2-2955,483,V,I,0.001771,0.03172,0.0018
COV2-2955,483,V,K,0.00179,0.03172,0.0018
COV2-2955,483,V,L,0.001783,0.03172,0.0018
COV2-2955,483,V,M,0.001794,0.03172,0.0018
COV2-2955,483,V,N,0.00179,0.03172,0.0018
COV2-2955,483,V,Q,0.001794,0.03172,0.0018
COV2-2955,483,V,R,0.001793,0.03172,0.0018
COV2-2955,483,V,S,0.001777,0.03172,0.0018
COV2-2955,483,V,T,0.0018,0.03172,0.0018
COV2-2955,483,V,W,0.001749,0.03172,0.0018
COV2-2955,483,V,Y,0.00168,0.03172,0.0018
COV2-2955,484,E,A,0.8309,16.14,0.9931
COV2-2955,484,E,C,0.7823,16.14,0.9931
COV2-2955,484,E,D,0.599,16.14,0.9931
COV2-2955,484,E,F,0.944,16.14,0.9931
COV2-2955,484,E,G,0.7738,16.14,0.9931
COV2-2955,484,E,H,0.9459,16.14,0.9931
COV2-2955,484,E,I,0.9308,16.14,0.9931
COV2-2955,484,E,K,0.9931,16.14,0.9931
COV2-2955,484,E,L,0.9453,16.14,0.9931
COV2-2955,484,E,M,0.8327,16.14,0.9931
COV2-2955,484,E,N,0.8014,16.14,0.9931
COV2-2955,484,E,P,0.9686,16.14,0.9931
COV2-2955,484,E,Q,0.6857,16.14,0.9931
COV2-2955,484,E,R,0.9074,16.14,0.9931
COV2-2955,484,E,S,0.6989,16.14,0.9931
COV2-2955,484,E,T,0.8253,16.14,0.9931
COV2-2955,484,E,V,0.9308,16.14,0.9931
COV2-2955,484,E,W,0.8608,16.14,0.9931
COV2-2955,484,E,Y,0.8796,16.14,0.9931
COV2-2955,485,G,A,0.001789,0.8764,0.8549
COV2-2955,485,G,C,0.001795,0.8764,0.8549
COV2-2955,485,G,D,0.001824,0.8764,0.8549
COV2-2955,485,G,E,0.001791,0.8764,0.8549
COV2-2955,485,G,H,0.001792,0.8764,0.8549
COV2-2955,485,G,K,0.001758,0.8764,0.8549
COV2-2955,485,G,M,0.001793,0.8764,0.8549
COV2-2955,485,G,N,0.001789,0.8764,0.8549
COV2-2955,485,G,P,0.8549,0.8764,0.8549
COV2-2955,485,G,Q,0.001773,0.8764,0.8549
COV2-2955,485,G,R,0.001846,0.8764,0.8549
COV2-2955,485,G,S,0.001785,0.8764,0.8549
COV2-2955,485,G,T,0.001792,0.8764,0.8549
COV2-2955,486,F,A,0.00179,0.03408,0.001852
COV2-2955,486,F,C,0.001792,0.03408,0.001852
COV2-2955,486,F,D,0.001791,0.03408,0.001852
COV2-2955,486,F,E,0.00179,0.03408,0.001852
COV2-2955,486,F,G,0.001788,0.03408,0.001852
COV2-2955,486,F,H,0.001791,0.03408,0.001852
COV2-2955,486,F,I,0.001788,0.03408,0.001852
COV2-2955,486,F,K,0.001793,0.03408,0.001852
COV2-2955,486,F,L,0.001774,0.03408,0.001852
COV2-2955,486,F,M,0.001788,0.03408,0.001852
COV2-2955,486,F,N,0.001804,0.03408,0.001852
COV2-2955,486,F,P,0.001791,0.03408,0.001852
COV2-2955,486,F,Q,0.001791,0.03408,0.001852
COV2-2955,486,F,R,0.001812,0.03408,0.001852
COV2-2955,486,F,S,0.001791,0.03408,0.001852
COV2-2955,486,F,T,0.001852,0.03408,0.001852
COV2-2955,486,F,V,0.001786,0.03408,0.001852
COV2-2955,486,F,W,0.001774,0.03408,0.001852
COV2-2955,486,F,Y,0.001791,0.03408,0.001852
COV2-2955,487,N,A,0.001788,0.0251,0.001832
COV2-2955,487,N,D,0.001808,0.0251,0.001832
COV2-2955,487,N,E,0.001794,0.0251,0.001832
COV2-2955,487,N,F,0.001793,0.0251,0.001832
COV2-2955,487,N,G,0.00179,0.0251,0.001832
COV2-2955,487,N,H,0.001786,0.0251,0.001832
COV2-2955,487,N,K,0.001791,0.0251,0.001832
COV2-2955,487,N,L,0.001832,0.0251,0.001832
COV2-2955,487,N,M,0.001769,0.0251,0.001832
COV2-2955,487,N,Q,0.001794,0.0251,0.001832
COV2-2955,487,N,R,0.001786,0.0251,0.001832
COV2-2955,487,N,S,0.001789,0.0251,0.001832
COV2-2955,487,N,T,0.001788,0.0251,0.001832
COV2-2955,487,N,Y,0.001792,0.0251,0.001832
COV2-2955,489,Y,F,0.001775,0.01428,0.001792
COV2-2955,489,Y,H,0.001767,0.01428,0.001792
COV2-2955,489,Y,I,0.001792,0.01428,0.001792
COV2-2955,489,Y,L,0.001785,0.01428,0.001792
COV2-2955,489,Y,M,0.001786,0.01428,0.001792
COV2-2955,489,Y,Q,0.001792,0.01428,0.001792
COV2-2955,489,Y,V,0.00179,0.01428,0.001792
COV2-2955,489,Y,W,0.001792,0.01428,0.001792
COV2-2955,490,F,A,0.3522,9.923,0.9723
COV2-2955,490,F,C,0.1553,9.923,0.9723
COV2-2955,490,F,D,0.1155,9.923,0.9723
COV2-2955,490,F,E,0.4558,9.923,0.9723
COV2-2955,490,F,G,0.01332,9.923,0.9723
COV2-2955,490,F,H,0.6308,9.923,0.9723
COV2-2955,490,F,I,0.6064,9.923,0.9723
COV2-2955,490,F,K,0.9723,9.923,0.9723
COV2-2955,490,F,L,0.6498,9.923,0.9723
COV2-2955,490,F,M,0.001798,9.923,0.9723
COV2-2955,490,F,N,0.7983,9.923,0.9723
COV2-2955,490,F,P,0.9146,9.923,0.9723
COV2-2955,490,F,Q,0.5381,9.923,0.9723
COV2-2955,490,F,R,0.9506,9.923,0.9723
COV2-2955,490,F,S,0.01051,9.923,0.9723
COV2-2955,490,F,T,0.6359,9.923,0.9723
COV2-2955,490,F,V,0.6493,9.923,0.9723
COV2-2955,490,F,W,0.7131,9.923,0.9723
COV2-2955,490,F,Y,0.759,9.923,0.9723
COV2-2955,492,L,F,0.001792,0.0271,0.02352
COV2-2955,492,L,I,0.001796,0.0271,0.02352
COV2-2955,492,L,V,0.02352,0.0271,0.02352
COV2-2955,493,Q,A,0.001788,0.02686,0.001826
COV2-2955,493,Q,D,0.001792,0.02686,0.001826
COV2-2955,493,Q,E,0.001784,0.02686,0.001826
COV2-2955,493,Q,G,0.001798,0.02686,0.001826
COV2-2955,493,Q,H,0.001817,0.02686,0.001826
COV2-2955,493,Q,I,0.001791,0.02686,0.001826
COV2-2955,493,Q,K,0.001792,0.02686,0.001826
COV2-2955,493,Q,L,0.001796,0.02686,0.001826
COV2-2955,493,Q,N,0.001793,0.02686,0.001826
COV2-2955,493,Q,R,0.001826,0.02686,0.001826
COV2-2955,493,Q,S,0.001795,0.02686,0.001826
COV2-2955,493,Q,T,0.001791,0.02686,0.001826
COV2-2955,493,Q,V,0.001795,0.02686,0.001826
COV2-2955,493,Q,W,0.001709,0.02686,0.001826
COV2-2955,493,Q,Y,0.001795,0.02686,0.001826
COV2-2955,494,S,A,0.001793,5.749,0.9794
COV2-2955,494,S,D,0.5685,5.749,0.9794
COV2-2955,494,S,F,0.7559,5.749,0.9794
COV2-2955,494,S,G,0.001793,5.749,0.9794
COV2-2955,494,S,H,0.7833,5.749,0.9794
COV2-2955,494,S,I,0.001851,5.749,0.9794
COV2-2955,494,S,K,0.7153,5.749,0.9794
COV2-2955,494,S,M,0.7597,5.749,0.9794
COV2-2955,494,S,N,0.00179,5.749,0.9794
COV2-2955,494,S,P,0.005163,5.749,0.9794
COV2-2955,494,S,R,0.9794,5.749,0.9794
COV2-2955,494,S,T,0.001787,5.749,0.9794
COV2-2955,494,S,V,0.001746,5.749,0.9794
COV2-2955,494,S,W,0.4629,5.749,0.9794
COV2-2955,494,S,Y,0.7078,5.749,0.9794
COV2-2955,496,G,A,0.004332,0.1604,0.05746
COV2-2955,496,G,C,0.001792,0.1604,0.05746
COV2-2955,496,G,D,0.03244,0.1604,0.05746
COV2-2955,496,G,E,0.00178,0.1604,0.05746
COV2-2955,496,G,F,0.05746,0.1604,0.05746
COV2-2955,496,G,H,0.001846,0.1604,0.05746
COV2-2955,496,G,I,0.001782,0.1604,0.05746
COV2-2955,496,G,K,0.001789,0.1604,0.05746
COV2-2955,496,G,L,0.009633,0.1604,0.05746
COV2-2955,496,G,M,0.001791,0.1604,0.05746
COV2-2955,496,G,N,0.01192,0.1604,0.05746
COV2-2955,496,G,Q,0.00185,0.1604,0.05746
COV2-2955,496,G,R,0.00179,0.1604,0.05746
COV2-2955,496,G,S,0.007027,0.1604,0.05746
COV2-2955,496,G,T,0.001804,0.1604,0.05746
COV2-2955,496,G,V,0.001785,0.1604,0.05746
COV2-2955,496,G,W,0.0178,0.1604,0.05746
COV2-2955,496,G,Y,0.00179,0.1604,0.05746
COV2-2955,498,Q,A,0.001815,0.03498,0.004439
COV2-2955,498,Q,C,0.001789,0.03498,0.004439
COV2-2955,498,Q,D,0.001791,0.03498,0.004439
COV2-2955,498,Q,E,0.001792,0.03498,0.004439
COV2-2955,498,Q,F,0.001799,0.03498,0.004439
COV2-2955,498,Q,G,0.001791,0.03498,0.004439
COV2-2955,498,Q,H,0.001793,0.03498,0.004439
COV2-2955,498,Q,I,0.001782,0.03498,0.004439
COV2-2955,498,Q,K,0.001826,0.03498,0.004439
COV2-2955,498,Q,L,0.001794,0.03498,0.004439
COV2-2955,498,Q,M,0.001791,0.03498,0.004439
COV2-2955,498,Q,N,0.001786,0.03498,0.004439
COV2-2955,498,Q,R,0.004439,0.03498,0.004439
COV2-2955,498,Q,S,0.001791,0.03498,0.004439
COV2-2955,498,Q,T,0.001774,0.03498,0.004439
COV2-2955,498,Q,V,0.001792,0.03498,0.004439
COV2-2955,498,Q,W,0.00184,0.03498,0.004439
COV2-2955,498,Q,Y,0.001792,0.03498,0.004439
COV2-2955,499,P,A,0.00179,0.0461,0.02046
COV2-2955,499,P,C,0.001792,0.0461,0.02046
COV2-2955,499,P,D,0.001789,0.0461,0.02046
COV2-2955,499,P,E,0.001849,0.0461,0.02046
COV2-2955,499,P,G,0.001792,0.0461,0.02046
COV2-2955,499,P,H,0.001791,0.0461,0.02046
COV2-2955,499,P,L,0.001793,0.0461,0.02046
COV2-2955,499,P,M,0.001801,0.0461,0.02046
COV2-2955,499,P,N,0.001785,0.0461,0.02046
COV2-2955,499,P,Q,0.002279,0.0461,0.02046
COV2-2955,499,P,R,0.00181,0.0461,0.02046
COV2-2955,499,P,S,0.02046,0.0461,0.02046
COV2-2955,499,P,T,0.00179,0.0461,0.02046
COV2-2955,499,P,V,0.001788,0.0461,0.02046
COV2-2955,499,P,Y,0.001799,0.0461,0.02046
COV2-2955,500,T,A,0.001803,0.03407,0.001814
COV2-2955,500,T,C,0.00179,0.03407,0.001814
COV2-2955,500,T,D,0.001789,0.03407,0.001814
COV2-2955,500,T,E,0.00181,0.03407,0.001814
COV2-2955,500,T,F,0.001811,0.03407,0.001814
COV2-2955,500,T,G,0.0018,0.03407,0.001814
COV2-2955,500,T,H,0.001789,0.03407,0.001814
COV2-2955,500,T,I,0.001811,0.03407,0.001814
COV2-2955,500,T,K,0.001784,0.03407,0.001814
COV2-2955,500,T,L,0.001766,0.03407,0.001814
COV2-2955,500,T,M,0.001797,0.03407,0.001814
COV2-2955,500,T,N,0.001786,0.03407,0.001814
COV2-2955,500,T,P,0.001814,0.03407,0.001814
COV2-2955,500,T,Q,0.001801,0.03407,0.001814
COV2-2955,500,T,R,0.001783,0.03407,0.001814
COV2-2955,500,T,S,0.001765,0.03407,0.001814
COV2-2955,500,T,V,0.00179,0.03407,0.001814
COV2-2955,500,T,W,0.001792,0.03407,0.001814
COV2-2955,500,T,Y,0.001788,0.03407,0.001814
COV2-2955,501,N,A,0.001804,0.02875,0.001833
COV2-2955,501,N,C,0.001787,0.02875,0.001833
COV2-2955,501,N,F,0.001833,0.02875,0.001833
COV2-2955,501,N,G,0.001803,0.02875,0.001833
COV2-2955,501,N,H,0.001804,0.02875,0.001833
COV2-2955,501,N,I,0.00179,0.02875,0.001833
COV2-2955,501,N,L,0.001793,0.02875,0.001833
COV2-2955,501,N,M,0.00179,0.02875,0.001833
COV2-2955,501,N,P,0.001798,0.02875,0.001833
COV2-2955,501,N,Q,0.001792,0.02875,0.001833
COV2-2955,501,N,R,0.001793,0.02875,0.001833
COV2-2955,501,N,S,0.001791,0.02875,0.001833
COV2-2955,501,N,T,0.001776,0.02875,0.001833
COV2-2955,501,N,V,0.001792,0.02875,0.001833
COV2-2955,501,N,W,0.001804,0.02875,0.001833
COV2-2955,501,N,Y,0.001807,0.02875,0.001833
COV2-2955,503,V,A,0.001798,0.03224,0.001817
COV2-2955,503,V,C,0.001791,0.03224,0.001817
COV2-2955,503,V,D,0.001789,0.03224,0.001817
COV2-2955,503,V,E,0.001796,0.03224,0.001817
COV2-2955,503,V,F,0.001784,0.03224,0.001817
COV2-2955,503,V,G,0.00179,0.03224,0.001817
COV2-2955,503,V,H,0.001793,0.03224,0.001817
COV2-2955,503,V,I,0.001782,0.03224,0.001817
COV2-2955,503,V,K,0.001801,0.03224,0.001817
COV2-2955,503,V,L,0.001777,0.03224,0.001817
COV2-2955,503,V,M,0.001811,0.03224,0.001817
COV2-2955,503,V,N,0.001817,0.03224,0.001817
COV2-2955,503,V,Q,0.001781,0.03224,0.001817
COV2-2955,503,V,R,0.001753,0.03224,0.001817
COV2-2955,503,V,S,0.001805,0.03224,0.001817
COV2-2955,503,V,T,0.001792,0.03224,0.001817
COV2-2955,503,V,W,0.001792,0.03224,0.001817
COV2-2955,503,V,Y,0.001792,0.03224,0.001817
COV2-2955,504,G,A,0.001768,0.03457,0.002405
COV2-2955,504,G,C,0.001792,0.03457,0.002405
COV2-2955,504,G,D,0.00179,0.03457,0.002405
COV2-2955,504,G,E,0.001773,0.03457,0.002405
COV2-2955,504,G,F,0.001795,0.03457,0.002405
COV2-2955,504,G,H,0.001826,0.03457,0.002405
COV2-2955,504,G,I,0.001784,0.03457,0.002405
COV2-2955,504,G,K,0.001777,0.03457,0.002405
COV2-2955,504,G,L,0.001786,0.03457,0.002405
COV2-2955,504,G,M,0.001816,0.03457,0.002405
COV2-2955,504,G,N,0.001817,0.03457,0.002405
COV2-2955,504,G,P,0.001757,0.03457,0.002405
COV2-2955,504,G,Q,0.00178,0.03457,0.002405
COV2-2955,504,G,R,0.001732,0.03457,0.002405
COV2-2955,504,G,S,0.00179,0.03457,0.002405
COV2-2955,504,G,T,0.001789,0.03457,0.002405
COV2-2955,504,G,V,0.001805,0.03457,0.002405
COV2-2955,504,G,W,0.002405,0.03457,0.002405
COV2-2955,504,G,Y,0.001789,0.03457,0.002405
COV2-2955,505,Y,F,0.001807,0.01068,0.001807
COV2-2955,505,Y,H,0.001787,0.01068,0.001807
COV2-2955,505,Y,M,0.001712,0.01068,0.001807
COV2-2955,505,Y,N,0.00179,0.01068,0.001807
COV2-2955,505,Y,Q,0.001794,0.01068,0.001807
COV2-2955,505,Y,W,0.001788,0.01068,0.001807
COV2-2955,506,Q,A,0.00179,0.007084,0.001805
COV2-2955,506,Q,E,0.001776,0.007084,0.001805
COV2-2955,506,Q,H,0.001805,0.007084,0.001805
COV2-2955,506,Q,N,0.001712,0.007084,0.001805
COV2-2955,507,P,A,0.00179,0.00179,0.00179
COV2-2955,508,Y,A,0.04302,0.05557,0.04302
COV2-2955,508,Y,F,0.00179,0.05557,0.04302
COV2-2955,508,Y,H,0.001782,0.05557,0.04302
COV2-2955,508,Y,M,0.00179,0.05557,0.04302
COV2-2955,508,Y,N,0.001792,0.05557,0.04302
COV2-2955,508,Y,T,0.001791,0.05557,0.04302
COV2-2955,508,Y,V,0.001817,0.05557,0.04302
COV2-2955,508,Y,W,0.001791,0.05557,0.04302
COV2-2955,510,V,I,0.001799,0.001799,0.001799
COV2-2955,512,V,I,0.001792,0.001792,0.001792
COV2-2955,513,L,I,0.001789,0.003559,0.001789
COV2-2955,513,L,M,0.00177,0.003559,0.001789
COV2-2955,514,S,A,0.00179,0.02873,0.001845
COV2-2955,514,S,C,0.001791,0.02873,0.001845
COV2-2955,514,S,F,0.001793,0.02873,0.001845
COV2-2955,514,S,G,0.001791,0.02873,0.001845
COV2-2955,514,S,H,0.001845,0.02873,0.001845
COV2-2955,514,S,I,0.001821,0.02873,0.001845
COV2-2955,514,S,K,0.00179,0.02873,0.001845
COV2-2955,514,S,L,0.001789,0.02873,0.001845
COV2-2955,514,S,M,0.001791,0.02873,0.001845
COV2-2955,514,S,N,0.00179,0.02873,0.001845
COV2-2955,514,S,Q,0.001792,0.02873,0.001845
COV2-2955,514,S,R,0.001793,0.02873,0.001845
COV2-2955,514,S,T,0.001743,0.02873,0.001845
COV2-2955,514,S,V,0.001823,0.02873,0.001845
COV2-2955,514,S,W,0.001795,0.02873,0.001845
COV2-2955,514,S,Y,0.001795,0.02873,0.001845
COV2-2955,515,F,L,0.001779,0.003572,0.001793
COV2-2955,515,F,M,0.001793,0.003572,0.001793
COV2-2955,516,E,D,0.001788,0.01441,0.001871
COV2-2955,516,E,H,0.00179,0.01441,0.001871
COV2-2955,516,E,K,0.001788,0.01441,0.001871
COV2-2955,516,E,N,0.001793,0.01441,0.001871
COV2-2955,516,E,P,0.001796,0.01441,0.001871
COV2-2955,516,E,R,0.001792,0.01441,0.001871
COV2-2955,516,E,S,0.001793,0.01441,0.001871
COV2-2955,516,E,T,0.001871,0.01441,0.001871
COV2-2955,517,L,E,0.001789,0.02145,0.001811
COV2-2955,517,L,H,0.001802,0.02145,0.001811
COV2-2955,517,L,I,0.001766,0.02145,0.001811
COV2-2955,517,L,K,0.001758,0.02145,0.001811
COV2-2955,517,L,M,0.001792,0.02145,0.001811
COV2-2955,517,L,N,0.001811,0.02145,0.001811
COV2-2955,517,L,Q,0.001786,0.02145,0.001811
COV2-2955,517,L,R,0.001792,0.02145,0.001811
COV2-2955,517,L,S,0.001791,0.02145,0.001811
COV2-2955,517,L,T,0.001783,0.02145,0.001811
COV2-2955,517,L,V,0.001789,0.02145,0.001811
COV2-2955,517,L,Y,0.001793,0.02145,0.001811
COV2-2955,518,L,F,0.001791,0.02503,0.001798
COV2-2955,518,L,H,0.001782,0.02503,0.001798
COV2-2955,518,L,I,0.00179,0.02503,0.001798
COV2-2955,518,L,K,0.001754,0.02503,0.001798
COV2-2955,518,L,M,0.001792,0.02503,0.001798
COV2-2955,518,L,N,0.001798,0.02503,0.001798
COV2-2955,518,L,P,0.001796,0.02503,0.001798
COV2-2955,518,L,Q,0.001793,0.02503,0.001798
COV2-2955,518,L,R,0.001797,0.02503,0.001798
COV2-2955,518,L,S,0.001793,0.02503,0.001798
COV2-2955,518,L,T,0.001787,0.02503,0.001798
COV2-2955,518,L,V,0.00178,0.02503,0.001798
COV2-2955,518,L,W,0.001784,0.02503,0.001798
COV2-2955,518,L,Y,0.001795,0.02503,0.001798
COV2-2955,519,H,C,0.001795,0.02325,0.001802
COV2-2955,519,H,D,0.001793,0.02325,0.001802
COV2-2955,519,H,F,0.001799,0.02325,0.001802
COV2-2955,519,H,I,0.001793,0.02325,0.001802
COV2-2955,519,H,L,0.001802,0.02325,0.001802
COV2-2955,519,H,N,0.001793,0.02325,0.001802
COV2-2955,519,H,P,0.001792,0.02325,0.001802
COV2-2955,519,H,Q,0.001791,0.02325,0.001802
COV2-2955,519,H,R,0.001764,0.02325,0.001802
COV2-2955,519,H,S,0.001783,0.02325,0.001802
COV2-2955,519,H,T,0.001789,0.02325,0.001802
COV2-2955,519,H,V,0.001771,0.02325,0.001802
COV2-2955,519,H,Y,0.001787,0.02325,0.001802
COV2-2955,520,A,C,0.00179,0.03043,0.001826
COV2-2955,520,A,D,0.0018,0.03043,0.001826
COV2-2955,520,A,E,0.001766,0.03043,0.001826
COV2-2955,520,A,F,0.001822,0.03043,0.001826
COV2-2955,520,A,G,0.001707,0.03043,0.001826
COV2-2955,520,A,H,0.001782,0.03043,0.001826
COV2-2955,520,A,I,0.00179,0.03043,0.001826
COV2-2955,520,A,K,0.001792,0.03043,0.001826
COV2-2955,520,A,L,0.001794,0.03043,0.001826
COV2-2955,520,A,M,0.001806,0.03043,0.001826
COV2-2955,520,A,N,0.001774,0.03043,0.001826
COV2-2955,520,A,P,0.001792,0.03043,0.001826
COV2-2955,520,A,R,0.001789,0.03043,0.001826
COV2-2955,520,A,S,0.00181,0.03043,0.001826
COV2-2955,520,A,T,0.001803,0.03043,0.001826
COV2-2955,520,A,V,0.001826,0.03043,0.001826
COV2-2955,520,A,Y,0.001789,0.03043,0.001826
COV2-2955,521,P,C,0.001871,0.01441,0.001871
COV2-2955,521,P,F,0.001791,0.01441,0.001871
COV2-2955,521,P,G,0.001792,0.01441,0.001871
COV2-2955,521,P,H,0.001793,0.01441,0.001871
COV2-2955,521,P,N,0.001791,0.01441,0.001871
COV2-2955,521,P,R,0.001785,0.01441,0.001871
COV2-2955,521,P,S,0.001794,0.01441,0.001871
COV2-2955,521,P,T,0.001793,0.01441,0.001871
COV2-2955,522,A,C,0.001793,0.02853,0.001802
COV2-2955,522,A,D,0.00179,0.02853,0.001802
COV2-2955,522,A,E,0.001798,0.02853,0.001802
COV2-2955,522,A,G,0.001768,0.02853,0.001802
COV2-2955,522,A,H,0.00179,0.02853,0.001802
COV2-2955,522,A,I,0.001792,0.02853,0.001802
COV2-2955,522,A,K,0.001776,0.02853,0.001802
COV2-2955,522,A,L,0.001791,0.02853,0.001802
COV2-2955,522,A,M,0.001793,0.02853,0.001802
COV2-2955,522,A,P,0.001738,0.02853,0.001802
COV2-2955,522,A,R,0.001791,0.02853,0.001802
COV2-2955,522,A,S,0.001791,0.02853,0.001802
COV2-2955,522,A,T,0.001802,0.02853,0.001802
COV2-2955,522,A,V,0.001794,0.02853,0.001802
COV2-2955,522,A,W,0.001784,0.02853,0.001802
COV2-2955,522,A,Y,0.001736,0.02853,0.001802
COV2-2955,523,T,I,0.001793,0.001793,0.001793
COV2-2955,524,V,A,0.001796,0.003589,0.001796
COV2-2955,524,V,I,0.001793,0.003589,0.001796
COV2-2955,525,C,A,0.001789,0.01431,0.0018
COV2-2955,525,C,F,0.001786,0.01431,0.0018
COV2-2955,525,C,I,0.001792,0.01431,0.0018
COV2-2955,525,C,L,0.0018,0.01431,0.0018
COV2-2955,525,C,N,0.001789,0.01431,0.0018
COV2-2955,525,C,R,0.001775,0.01431,0.0018
COV2-2955,525,C,S,0.00179,0.01431,0.0018
COV2-2955,525,C,T,0.001789,0.01431,0.0018
COV2-2955,526,G,A,0.00179,0.01792,0.001836
COV2-2955,526,G,D,0.001781,0.01792,0.001836
COV2-2955,526,G,E,0.001786,0.01792,0.001836
COV2-2955,526,G,L,0.001775,0.01792,0.001836
COV2-2955,526,G,N,0.001792,0.01792,0.001836
COV2-2955,526,G,P,0.00179,0.01792,0.001836
COV2-2955,526,G,R,0.00179,0.01792,0.001836
COV2-2955,526,G,S,0.001789,0.01792,0.001836
COV2-2955,526,G,V,0.001789,0.01792,0.001836
COV2-2955,526,G,W,0.001836,0.01792,0.001836
COV2-2955,527,P,A,0.001789,0.03035,0.00182
COV2-2955,527,P,C,0.001716,0.03035,0.00182
COV2-2955,527,P,E,0.001792,0.03035,0.00182
COV2-2955,527,P,F,0.001781,0.03035,0.00182
COV2-2955,527,P,G,0.001785,0.03035,0.00182
COV2-2955,527,P,H,0.001803,0.03035,0.00182
COV2-2955,527,P,I,0.00182,0.03035,0.00182
COV2-2955,527,P,K,0.001789,0.03035,0.00182
COV2-2955,527,P,L,0.001749,0.03035,0.00182
COV2-2955,527,P,M,0.00179,0.03035,0.00182
COV2-2955,527,P,N,0.001792,0.03035,0.00182
COV2-2955,527,P,Q,0.001814,0.03035,0.00182
COV2-2955,527,P,R,0.001811,0.03035,0.00182
COV2-2955,527,P,S,0.001774,0.03035,0.00182
COV2-2955,527,P,T,0.001799,0.03035,0.00182
COV2-2955,527,P,V,0.001751,0.03035,0.00182
COV2-2955,527,P,Y,0.001792,0.03035,0.00182
COV2-2955,528,K,A,0.001791,0.03314,0.002721
COV2-2955,528,K,C,0.00179,0.03314,0.002721
COV2-2955,528,K,D,0.001792,0.03314,0.002721
COV2-2955,528,K,E,0.001796,0.03314,0.002721
COV2-2955,528,K,G,0.001842,0.03314,0.002721
COV2-2955,528,K,H,0.001793,0.03314,0.002721
COV2-2955,528,K,I,0.001802,0.03314,0.002721
COV2-2955,528,K,L,0.001794,0.03314,0.002721
COV2-2955,528,K,M,0.00179,0.03314,0.002721
COV2-2955,528,K,N,0.001759,0.03314,0.002721
COV2-2955,528,K,P,0.001772,0.03314,0.002721
COV2-2955,528,K,Q,0.002721,0.03314,0.002721
COV2-2955,528,K,R,0.001762,0.03314,0.002721
COV2-2955,528,K,S,0.001785,0.03314,0.002721
COV2-2955,528,K,T,0.001783,0.03314,0.002721
COV2-2955,528,K,V,0.001787,0.03314,0.002721
COV2-2955,528,K,W,0.00179,0.03314,0.002721
COV2-2955,528,K,Y,0.001792,0.03314,0.002721
COV2-2955,529,K,C,0.00178,0.03748,0.006806
COV2-2955,529,K,D,0.001791,0.03748,0.006806
COV2-2955,529,K,E,0.001807,0.03748,0.006806
COV2-2955,529,K,F,0.001793,0.03748,0.006806
COV2-2955,529,K,G,0.001792,0.03748,0.006806
COV2-2955,529,K,H,0.001786,0.03748,0.006806
COV2-2955,529,K,I,0.001808,0.03748,0.006806
COV2-2955,529,K,L,0.001789,0.03748,0.006806
COV2-2955,529,K,M,0.006806,0.03748,0.006806
COV2-2955,529,K,N,0.00184,0.03748,0.006806
COV2-2955,529,K,P,0.001794,0.03748,0.006806
COV2-2955,529,K,Q,0.001813,0.03748,0.006806
COV2-2955,529,K,R,0.001816,0.03748,0.006806
COV2-2955,529,K,S,0.001795,0.03748,0.006806
COV2-2955,529,K,T,0.001842,0.03748,0.006806
COV2-2955,529,K,V,0.001789,0.03748,0.006806
COV2-2955,529,K,W,0.001851,0.03748,0.006806
COV2-2955,529,K,Y,0.001788,0.03748,0.006806
COV2-2955,530,S,A,0.001793,0.1553,0.121
COV2-2955,530,S,C,0.001783,0.1553,0.121
COV2-2955,530,S,D,0.001791,0.1553,0.121
COV2-2955,530,S,E,0.001799,0.1553,0.121
COV2-2955,530,S,F,0.001796,0.1553,0.121
COV2-2955,530,S,G,0.001791,0.1553,0.121
COV2-2955,530,S,H,0.121,0.1553,0.121
COV2-2955,530,S,I,0.0018,0.1553,0.121
COV2-2955,530,S,K,0.00179,0.1553,0.121
COV2-2955,530,S,L,0.001783,0.1553,0.121
COV2-2955,530,S,M,0.001769,0.1553,0.121
COV2-2955,530,S,N,0.001788,0.1553,0.121
COV2-2955,530,S,P,0.001789,0.1553,0.121
COV2-2955,530,S,Q,0.001784,0.1553,0.121
COV2-2955,530,S,R,0.001817,0.1553,0.121
COV2-2955,530,S,T,0.00179,0.1553,0.121
COV2-2955,530,S,V,0.001783,0.1553,0.121
COV2-2955,530,S,W,0.001783,0.1553,0.121
COV2-2955,530,S,Y,0.003854,0.1553,0.121
COV2-2955,531,T,A,0.001754,0.03831,0.006232
COV2-2955,531,T,C,0.001807,0.03831,0.006232
COV2-2955,531,T,D,0.00178,0.03831,0.006232
COV2-2955,531,T,E,0.001803,0.03831,0.006232
COV2-2955,531,T,F,0.00175,0.03831,0.006232
COV2-2955,531,T,G,0.001787,0.03831,0.006232
COV2-2955,531,T,H,0.001793,0.03831,0.006232
COV2-2955,531,T,I,0.006232,0.03831,0.006232
COV2-2955,531,T,K,0.001767,0.03831,0.006232
COV2-2955,531,T,L,0.001775,0.03831,0.006232
COV2-2955,531,T,M,0.0018,0.03831,0.006232
COV2-2955,531,T,N,0.001795,0.03831,0.006232
COV2-2955,531,T,P,0.001792,0.03831,0.006232
COV2-2955,531,T,Q,0.001787,0.03831,0.006232
COV2-2955,531,T,R,0.001753,0.03831,0.006232
COV2-2955,531,T,S,0.001781,0.03831,0.006232
COV2-2955,531,T,V,0.00177,0.03831,0.006232
COV2-2955,531,T,W,0.001802,0.03831,0.006232
COV2-2955,531,T,Y,0.001782,0.03831,0.006232
